title,NOTES,CHORD,PEAK,CHARGE,SCRATCH,SOFLAN,maxscore
22DUNK,43.71,12.47,12.47,0,23.23,0,658
5.1.1.,85.37,66.95,66.95,0,115.97,0,1572
deep in you,40.82,7.31,7.31,0,27.68,0,666
Dr.LOVE,0,0,0,0,10.71,0,580
GENOM SCREAMS,65.68,30.51,30.51,0,13.39,0,1072
gentle stress,69.63,59.02,59.02,0,13.24,0,1456
GRADIUSIC CYBER,58.13,10.81,10.81,0,15.99,31.03,1218
Macho Gang,83.86,54.26,54.26,0,77.38,0,1674
PARANOIA MAX～DIRTY MIX～,57.06,23.09,23.09,0,36.24,0,1124
R3,53.88,15.3,15.3,0,25.07,0,908
RUGGED ASH,66.95,31.73,31.73,0,57.9,0,1112
THE EARTH LIGHT,61.46,12.79,12.79,0,9.24,0,1162
59,55.38,8.8,8.8,0,7.6,14.56,1168
Digital MinD(A/T Libra mix),54.97,17.81,17.81,0,33.54,0,1146
Electro Tuned(the SubS mix),54.73,28.89,28.89,0,14.11,0,1074
I Was The One,35.53,5.8,5.8,0,7.44,0,696
Indigo Vision(full flavour hide around mix),62.01,25.22,25.22,0,25.62,0,1234
SP-TRIP MACHINE(for beatmania II),37.05,15.22,15.22,0,15.83,0,648
Don't Stop!,40.43,25.58,25.58,0,11.05,0,906
era (nostalmix),73.16,11.05,11.05,0,0,109.32,1572
Holic,100.18,57.26,57.26,0,29.02,0,1760
LEADING CYBER,63.23,6.7,6.7,0,27.14,0,1290
Presto,51.77,8.8,8.8,0,0,0,1016
R5,93.05,85.64,85.64,0,37.37,0,1778
REINCARNATION,52.53,5.51,5.51,0,15.47,0,1286
Schlagwerk,87.72,61.45,61.45,0,18.84,0,1696
Skyscraper,64.21,28.67,28.67,0,36.44,0,1258
250bpm,83.3,60.73,60.73,0,89.44,0,1452
ABSOLUTE,97.59,82.96,82.96,0,23.93,89.72,2436
B4U,101.6,84.18,84.18,0,94.11,0,2028
Broken My Heart,87.02,74.14,74.14,0,38.14,0,1828
Burnin' The Floor,74.56,49.14,49.14,0,32.39,0,1442
CHECKING YOU OUT,67.12,42.45,42.45,0,134.6,84.71,1400
Clione,64.95,44.53,44.53,0,14,0,1622
DXY!,107.73,72.14,72.14,0,50.84,0,2316
empathy,66.17,39.3,39.3,0,0,79.8,1486
era (step mix),77.52,12.71,12.71,0,16.14,100.69,1750
HIGHER,61.77,52.2,52.2,0,23.88,0,1282
Hitch Hiker2,60.51,34.79,34.79,0,41.1,0,1330
Jam&Marmalade,67.4,26.09,26.09,0,54.66,0,1024
KAMIKAZE,106.38,116.27,116.27,0,39.52,0,2314
LOVE WILL・・・,79.37,70.06,70.06,0,24.49,0,1464
minimalian,74.62,35.42,35.42,0,26.96,0,1412
Mr.T.(take me higher),84.59,99.1,99.1,0,29.11,0,1778
starmine,74.11,54.86,54.86,0,55.34,0,1600
SWEET LAB,71.81,61,61,0,115.76,0,1384
Voltage (feat. Hidemaru),69.83,44.3,44.3,0,16.7,162.94,1340
Abyss,80.31,73.65,73.65,0,23.52,0,1890
in my eyes,70.12,36.17,36.17,0,32.65,0,1596
LOVE AGAIN TONIGHT～for Mellisa mix～,56.82,41.92,41.92,0,29.52,0,1122
outer wall,86.15,72.68,72.68,0,57.68,0,1784
QQQ,94.65,68.86,68.86,0,55.61,0,2182
Radical Faith,62.1,31.34,31.34,0,50.05,0,1320
Real,74.4,59.08,59.08,0,14.14,0,1840
Regulus,77.59,52.15,52.15,0,75.72,36.87,1762
RIDE ON THE LIGHT (HI GREAT MIX),80.73,61.13,61.13,0,36.16,0,1724
sometime,54.53,33.78,33.78,0,26,0,1344
Spin the disc,70.17,37.54,37.54,0,77.37,0,1348
STILL IN MY HEART,95.96,74.61,74.61,0,33.11,0,1942
sync,98.92,70.08,70.08,0,0,0,2408
THE CUBE,60.54,0,0,0,0,0,1364
THE SHINING POLARIS,68.54,33.51,33.51,0,11.87,0,1598
V,119.33,116.45,116.45,0,26.89,0,3038
19，November,73.75,44.95,44.95,0,48.42,0,1820
BALLAD FOR YOU～想いの雨～,50.72,41.71,41.71,0,8.25,0,1074
Blueberry Stream,78.17,64.45,64.45,0,23.55,0,1692
Buffalo,89.38,57.41,57.41,0,92.23,0,1864
Colors (radio edit),102.78,76.68,76.68,0,17.26,0,2516
DIVE ～INTO YOUR HEART～,85.43,83.79,83.79,0,32.7,0,2132
fly through the night,72.32,53.01,53.01,0,25.65,0,1726
Free Style,65.1,38.61,38.61,0,42.85,0,1328
Frozen Ray (original mix),76.21,52.56,52.56,0,9.16,0,1818
G2,96.52,77.94,77.94,0,30.77,0,2376
L'amour et la liberte,95.51,72.87,72.87,0,10.18,76.95,2050
Linus,97.01,100.58,100.58,0,24.94,116.34,2210
NEMESIS,77.58,54.89,54.89,0,30.8,0,1946
rottel-da-sun,102.56,102.92,102.92,0,104.07,0,1872
route 80s,79.51,66.79,66.79,0,93.78,0,1532
SOMETHING WONDERFUL,80.89,59.31,59.31,16.25,22.91,0,2006
Take It Easy,99.43,101.36,101.36,0,31.07,0,2564
VJ ARMY,97.17,66.3,66.3,0,26.49,69.78,2298
こっちを向いてよ,61.27,34.43,34.43,0,10.15,0,1406
A,98.59,104.78,104.78,0,25.08,68.7,2520
AVE DE RAPINA,76.92,39.43,39.43,0,49.81,0,1868
Bad Routine,79.99,103.3,103.3,0,47.15,0,1928
Burning Heat! (Full Option Mix),65.2,45.4,45.4,0,37.76,0,1510
Cheer Train,78.43,47.67,47.67,0,63.63,0,1760
D2R,84.03,52.91,52.91,0,53.56,0,1646
DESTINY,88.73,86.99,86.99,0,45.43,0,1850
foreplay,80.86,18.96,18.96,0,25.84,0,1368
Glorious Days,37.6,29.02,29.02,0,56.21,58.37,926
Happy Wedding,73.86,27.22,27.22,0,24.04,0,1880
Last Message,82.29,52.89,52.89,0,49.78,0,1638
Let the Snow Paint Me,52.18,45.32,45.32,0,26.8,0,1248
Love Me Do,86.94,96.64,96.64,0,38.32,0,2116
MAX 300,153.68,140.19,140.19,0,41.54,88.13,2858
Somebody Like You,80.07,69.08,69.08,0,105.49,0,1866
Spica,101.7,69.79,69.79,0,32.38,0,2334
stoic,110.94,75.93,75.93,0,28.55,0,2604
Tomorrow Perfume,87.42,58.06,58.06,0,11.15,0,2170
traces,88.57,53.98,53.98,0,9.53,0,2166
ZERO-ONE,113.38,68.28,68.28,0,20.43,0,2264
革命,107.25,47.66,47.66,0,29.72,104.83,2366
abstract,86.54,51.14,51.14,0,32.84,0,1920
airflow,62.46,71.49,71.49,0,11.36,71.19,1442
ALL RIGHT,72.25,55.26,55.26,0,23.89,0,1630
Attitude,70.5,60.42,60.42,0,26.23,0,1762
bit mania,78.42,110.55,110.55,0,34.25,0,1868
Blame,91.25,49.81,49.81,0,23.07,0,1960
CELEBRATE NITE,82.36,47.19,47.19,0,36.14,0,1428
Colors -Y&Co. Eurobeat Remix-,84.93,55.89,55.89,0,15.19,0,2200
dual control,90.16,58.57,58.57,0,36.9,23.62,1922
Giudecca,116.59,57.56,57.56,0,44.28,0,2762
Halfway of promise,78.45,75.58,75.58,0,123.61,0,1880
HYPER BOUNDARY GATE,89.87,41.65,41.65,0,8.21,0,2230
LAB,94.11,64.17,64.17,0,44.65,0,2150
LOVE IS ORANGE,84.59,68.9,68.9,0,23.2,0,1806
Luv 2 Feel Your Body,75.93,63.01,63.01,0,18.45,0,1678
memories,94.53,70.41,70.41,0,44.05,0,2314
Monkey Dance,87.67,73.32,73.32,0,17.29,0,1994
murmur twins,98.47,70.06,70.06,0,35.06,0,2414
MUSIC TO YOUR HEAD,69.39,37.13,37.13,0,24.41,0,1698
PLEASE DON'T GO,103.33,96.96,96.96,0,69.2,0,2502
rainbow flyer,84.35,66.98,66.98,0,20.47,0,2162
symbolic,92.37,65.04,65.04,0,31.34,0,2276
thunder,83.25,50.15,50.15,0,12.86,0,1918
WAR GAME,84.35,103.61,103.61,0,111.91,0,2154
World Wide Love,48.03,43.22,43.22,0,8.13,0,1118
xenon,126.25,81.44,81.44,0,32.68,0,2758
桜,109.24,109.63,109.63,0,58.82,151.6,2246
蒼い衝動,72.06,56.25,56.25,0,37.26,0,1606
Abyss -The Heavens Remix-,101.2,97.24,97.24,0,43.44,0,2376
ACT,82.84,56.97,56.97,0,40.01,0,1870
ATOMIC AGE,66.8,24.45,24.45,101.24,22.93,0,1358
BAD BOY BASS!! (dj Remo-con MIX),72.22,51.65,51.65,0,39.98,0,1816
bag,100.27,82.53,82.53,0,43.24,0,1926
BRIGHTNESS DARKNESS,76.72,70.42,70.42,0,38.35,0,1778
Cradle,70.56,65.93,65.93,0,43.53,29.16,1606
e-motion 2003  -romantic extra-,76.01,49.21,49.21,0,9.4,0,2002
fun,92.37,82.07,82.07,0,51.71,121.86,1900
Golden Horn,65.61,20.05,20.05,0,15.66,0,1526
HYPER EUROBEAT (2DX style),83.07,70.97,70.97,0,22.61,0,1980
I Was The One (80's EUROBEAT STYLE),69.14,47.55,47.55,0,41.56,0,1454
Karma,88.3,62.95,62.95,0,59.12,0,1850
lights,68.55,49.19,49.19,0,13.17,0,1820
Logic Board,0,0,0,0,0,0,2346
LOVE SHINE,105.04,104.04,104.04,0,49.02,0,2092
lower world,86.23,69.74,69.74,0,30.75,0,2288
Make A Difference,94.37,99.87,99.87,0,40.48,0,2310
MARIA (I believe... ),84.03,82.96,82.96,0,45.47,0,1966
moon_child,101.44,104.27,104.27,0,49.47,35.91,2600
one or eight,118.31,95.63,95.63,0,108.74,0,2354
PARANOIA survivor MAX,0,0,0,0,0,178.52,2184
quasar,91.89,63.55,63.55,0,12.68,0,2322
Quickening,101.68,88.25,88.25,0,17.43,0,2124
Really Love,71.94,48.6,48.6,0,112.8,0,1796
RISLIM -Remix-,87.65,84.53,84.53,0,43.29,0,1918
rottel-the-Mercury,100.02,112.98,112.98,0,52.55,0,2274
Silvia Drive,90.62,81.62,81.62,0,20.14,0,2098
SNOW,93.08,81.22,81.22,0,14.37,0,2076
STAR FIELD,78.49,76.88,76.88,0,18.73,0,1894
Sweet Sweet Magic,109.6,80.84,80.84,0,29.4,0,2064
SWEETEST SAVAGE,81.73,69.85,69.85,0,113.38,0,1860
ライオン好き,62.53,73.93,73.93,0,25.34,0,1510
真夏の花・真夏の夢,62.16,43.25,43.25,110.36,13.9,0,1498
1st Samurai,123.21,103.58,103.58,0,89.57,17.98,2766
ALIEN TEMPLE,80.64,86.37,86.37,0,32.79,0,2042
ASTRAL VOYAGE,80.52,59.13,59.13,0,17.52,0,1942
BABY LOVE,86.8,86.43,86.43,0,59.23,0,2178
Back Into The Light,92.58,55.11,55.11,0,0,0,2172
Boundary,89.85,101.43,101.43,0,34.92,0,2062
CARRY ON NIGHT (English version),86.93,86.25,86.25,0,46.42,0,2074
Daisuke,97.82,88.64,88.64,0,24.25,0,2410
Debtty Daddy,104.58,107.06,107.06,0,67.8,0,2742
desolation,31.1,7.97,7.97,0,24.06,0,772
DoLL,68.6,61.51,61.51,0,25.91,0,1620
EXE,99.31,67.71,67.71,0,31.99,0,2262
Feedback,82.82,56.38,56.38,0,89.02,0,2020
FEEL IT,90.02,79.23,79.23,0,33.01,0,2026
Freezing atmosphere,66.27,41.39,41.39,0,30.52,0,1550
GHOST REVIVAL,102.94,60.91,60.91,0,34.32,0,2622
GRADIUS -FULL SPEED-,88.83,63.62,63.62,0,14.46,120.8,2148
HIGH,97.56,99.04,99.04,0,59.45,0,2176
Innocent Walls,117.38,107.93,107.93,0,82.8,0,2892
Love Is Eternity,92.65,52.6,52.6,0,23.32,0,2430
Lucy,94.15,98.49,98.49,0,27.61,0,2334
Narcissus At Oasis,69.29,54.82,54.82,0,23.49,0,1676
No.13,132.84,104.5,104.5,0,52.39,0,3214
One More Lovely,128.95,75.76,75.76,0,20.71,0,2904
pandora,75.04,33.96,33.96,0,22.9,0,1862
rainbow rainbow,118.53,115.12,115.12,0,33.22,0,2754
Rise'n Beauty,85.81,65.13,65.13,0,0,0,2188
SCORE,88.74,98.6,98.6,0,38.61,0,2110
SHOOTING STAR,92.31,89.73,89.73,0,24.64,0,2292
SPACE FIGHT,102.21,105.82,105.82,0,34.14,0,2268
システムロマンス,77.31,83.72,83.72,0,15.42,0,2046
雪月花,110.25,99.93,99.93,0,63.66,0,2574
AA,151.77,127.53,127.53,0,13.86,0,3668
AGEHA,76.61,69.56,69.56,0,43.56,0,1896
ANDROMEDA,106.75,91.35,91.35,0,13.98,0,2892
awakening,67.44,31.29,31.29,0,10.21,0,1732
Be quiet,93.5,86.52,86.52,0,55.03,0,2228
BLOCKS,97.62,74.65,74.65,0,16.34,0,2000
BREATH,84.33,75.4,75.4,0,36.51,0,1750
Click Again,93.03,94.49,94.49,0,74.75,0,2194
Close my Eyes for Me,75.03,64.85,64.85,0,102.89,32.92,1896
D.A.N.C.E.!,74.55,74.84,74.84,0,59.17,0,1652
Don't be afraid myself,93.8,77.87,77.87,0,37.86,0,2310
earth scape,50.47,53.25,53.25,0,8.56,158.74,1288
FAKE TIME,115.59,106.93,106.93,0,43.1,0,2462
Fly Away To India,65.02,48.66,48.66,0,48.56,0,1424
GENOCIDE,123.05,79.93,79.93,0,45.48,0,2444
gigadelic,98.71,88.84,88.84,0,67.99,0,2602
HORIZON,76.83,66.97,66.97,0,20.35,0,1980
KEY,115.69,114.79,114.79,0,20.54,0,2872
NEBULA GRASPER,100.73,60.54,60.54,0,16.55,0.87,2482
Raspberry Heart(English version),85.8,73.97,73.97,0,48.28,0,1864
RED ZONE,107.84,79.73,79.73,0,39.15,0,2368
RESONATE 1794,73.13,60.2,60.2,0,44.82,0,1902
Secret of Love,82.23,52.06,52.06,0,18.22,0,2038
SPEEDY CAT,86.78,64.08,64.08,0,35.05,0,2056
Sphere,99.47,88.04,88.04,0,33.92,0,2222
spiral galaxy,99.29,64.13,64.13,0,25.4,0,2620
The Hope of Tomorrow,77.81,50.84,50.84,0,7.99,0,1984
Wonder Bullfighter,83.45,74.9,74.9,0,132.83,0,2124
ピアノ協奏曲第１番”蠍火”,107.59,106.73,106.73,0,49.89,160.1,2828
大桟橋,78.42,70.78,70.78,0,33.53,38.22,1874
太陽～T・A・I・Y・O～,77.38,69.69,69.69,0,46.13,0,1760
ＵＬＴｉＭΛＴＥ,83.11,80.22,80.22,0,40.93,0,2012
100％ minimoo-G,74.96,38.62,38.62,0,74.39,0,1806
Agnus Dei,93.17,76.67,76.67,0,52.96,97.39,2102
alla turca con passione,92.16,83.85,83.85,0,40.17,0,2206
Aurora,107.24,99.38,99.38,0,38.46,0,2560
CaptivAte～浄化～,93.51,113.73,113.73,0,65.23,0,2486
Catch Me,81.99,79.61,79.61,0,91.69,0,1850
Don't let it go,81.9,54.57,54.57,0,39.21,0,1704
double thrash,96.23,61.59,61.59,0,67.43,0,2412
EDEN,109.32,117.62,117.62,0,29.21,0,2726
EMPTY OF THE SKY,67.03,68.34,68.34,0,20.85,0,1686
First Resolution,94.35,78.58,78.58,0,36.38,0,2154
garden,84.87,102.09,102.09,0,64.07,0,2200
Get'em up to R.A.V.E,85.73,63.32,63.32,0,42.08,0,2316
GREEN EYES,93.94,68.62,68.62,0,50.6,0,2246
HAPPY☆ANGEL,92.08,79.45,79.45,0,45.91,0,2104
I am,88.62,81.4,81.4,0,18.85,0,2192
in motion,64.23,32.15,32.15,0,24.07,0,1322
INAZUMA,114.87,86.2,86.2,0,21.41,0,2736
LESSON 5,96.67,104.3,104.3,0,22.89,0,2522
Little Little Princess,111.08,106.43,106.43,0,41.6,39.59,2840
Love Magic,80.96,70.7,70.7,0,35.71,0,1982
mind the gap,73.69,51.38,51.38,0,37.71,112.77,1680
MOON RACE,80.94,36.99,36.99,0,16.02,0,1914
Pink Rose,60.92,48.69,48.69,51.41,13.16,29.6,1416
PLASMA,89.9,62.99,62.99,0,0,0,2290
Pollinosis,105.22,114.81,114.81,0,49.79,0,2556
POODLE,93.71,81.69,81.69,0,40.75,0,2312
rage against usual,120.01,118.63,118.63,0,91.04,0,3054
SCREAM SQUAD,94.54,60.16,60.16,0,104.57,0,2146
Scripted Connection⇒ A mix,125.36,102.69,102.69,0,25.51,0,3150
Scripted Connection⇒ H mix,109.22,60.68,60.68,0,36.2,0,2550
Scripted Connection⇒ N mix,91.92,68.24,68.24,0,53.05,0,2146
SigSig,103.21,108.75,108.75,0,49.97,0,2618
Tizona d'El Cid,91.91,87.44,87.44,0,33.53,0,2356
Twelfth Style,81.1,61.67,61.67,0,21.16,0,2066
Under the Sky,68.66,70.26,70.26,0,21.72,0,1750
vault of heaven,88.6,67.37,67.37,0,50.49,0,2020
Votum stellarum,78.48,49.84,49.84,0,17.98,24.37,2034
We are Disっ娘よっつ打ち命,67.85,66.44,66.44,0,36.03,0,1674
Xepher,122.75,101.73,101.73,0,31.18,0,3040
オレはビートマニア！お前は何マニア？,70.74,45.32,45.32,0,75.58,0,1746
ヒマワリ,88.47,73.88,73.88,0,50.11,0,2084
ラクエン,82,70.76,70.76,0,126.27,74.78,2068
冥,150.47,140.97,140.97,0,26.86,183.46,4000
合体せよ！ストロングイェーガー！！ (Ryu☆ remix),80.98,83.55,83.55,0,39.45,0,1944
月光,105.19,108.9,108.9,0,53.51,0,2492
ALFARSHEAR 双神威に廻る夢,91.34,84.65,84.65,0,22.83,0,2098
Apocalypse ～dirge of swans～,92.65,102.85,102.85,0,49.48,0,2428
BALLAD THE FEATHERS,72.26,60.84,60.84,0,28.94,0,1528
Bloody Tears(IIDX EDITION),96.17,97.28,97.28,0,51.23,0,2188
BOOM BOOM DISCO NIGHT,92.26,52.01,52.01,0,26.86,0,2302
Broadbanded,80.92,47.06,47.06,0,25.45,0,2038
Concertino in Blue,126.26,113.98,113.98,0,120.27,162.67,2622
CONTRACT,98.3,50.25,50.25,0,56.28,0,2112
D.C.fish,95.62,82.51,82.51,0,21.29,0,2356
DEEP ROAR,116.14,116.76,116.76,0,42.09,0,2774
Double Loving Heart,71.17,74.75,74.75,0,24.52,0,1818
DUE TOMORROW,103.17,39.82,39.82,0,38.52,24.54,2146
EURO-ROMANCE,81.7,82.6,82.6,0,34.38,0,2112
Ganymede,90.28,88.83,88.83,0,24.13,36.58,2398
Harmony and Lovely,92.76,70.83,70.83,0,0,0,2254
Heavenly Sun (IIDX VERSION),85.6,47.18,47.18,0,0,0,2120
INFERNO,76.35,58.73,58.73,0,40.28,0,2016
Leaving...,103.28,107.43,107.43,0,30.35,0,2232
MINT,120.52,101,101,0,16.68,0,2316
MOON,89.05,82.13,82.13,0,35.4,0,2236
Power of Love,83.73,65.75,65.75,0,9.06,0,2154
So Fabulous !!,96.66,83.47,83.47,0,20.1,0,2382
Sun Field,112.67,104.35,104.35,0,61.2,0,2468
The Dirty of Loudness,124.26,119.61,119.61,0,45.69,0,2654
This is Love,103.82,107.34,107.34,0,21.19,0,2498
tripping contact(teranoid&MC Natsack Remix),103.33,96.25,96.25,0,52.06,0,2516
TYPE MARS(G-Style Mix),100.44,61.56,61.56,0,31.94,0,2474
waxing and wanding,122.23,125.27,125.27,0,38.5,0,2914
Why did you go away,96.46,75.91,75.91,0,40.38,0,2332
WISH(EUROBEAT MIX),89.55,59.6,59.6,0,25.04,0,1980
with you…,70.2,39.04,39.04,0,0,0,1782
Zenius -I- vanisher,91.88,71.6,71.6,0,18.82,0,2418
カゴノトリ～弐式～,110.24,105.61,105.61,0,13.33,0,2650
タシカナモノ,81.11,85.57,85.57,0,31.68,0,2052
嘆きの樹,155.51,160.23,160.23,0,48.18,0,4000
罠,105.26,117.81,117.81,0,71.01,0,2462
華蝶風雪,118.39,115.69,115.69,0,25.87,0,3000
虹色,87.21,73.21,73.21,0,13.6,0,1868
2hot2eat,74.93,37.51,37.51,0,26.19,111.82,1708
Air Bell,76.75,60.55,60.55,0,31.56,0,1736
ANDROMEDA II,103.89,62.69,62.69,0,13.86,0,2510
Blind Justice ～Torn souls， Hurt Faiths ～,92.87,99.98,99.98,0,16.3,26.31,2490
Candy Galy,142.27,137.68,137.68,0,42.08,0,3596
CaptivAte～裁き～,85.65,62.47,62.47,0,35.48,0,1794
CaptivAte～誓い～,86.69,81.6,81.6,0,24.09,0,2254
CROSSROAD ～Left Story～,96.43,104.57,104.57,0,39.06,0,2194
Cyber Force,100.83,87.5,87.5,0,0,0,2400
Fascination MAXX,123.33,112.18,112.18,0,32.16,200,2626
FIRE FIRE,108.97,114.36,114.36,0,94.37,0,2810
four-leaf,80.58,42.14,42.14,0,26.4,0,1734
GOLD RUSH,122.07,119.89,119.89,0,67.5,0,2398
GRID KNIGHT,102.12,110.51,110.51,0,40.33,0,2656
heaven above,71.49,51.31,51.31,0,14.03,0,1856
High School Love,93.67,110.95,110.95,0,54.91,0,2212
INORI,110,71.66,71.66,0,15.39,0,3228
KAMAITACHI,111.76,70.17,70.17,0,46.43,0,2736
LASER CRUSTER,136.11,117.24,117.24,0,56.09,0,3288
Love Again...,45.62,44.42,44.42,0,11.11,0,1076
Make Me Your Own,88.73,100.36,100.36,0,62.49,0,2172
METALLIC MIND,77.24,76.24,76.24,0,60.88,0,1664
never…,68.43,68.59,68.59,0,17.98,0,1830
op.31 叙情,70.75,55.87,55.87,0,24.65,195.28,1672
PHOTONGENIC,94.94,88.03,88.03,0,13.09,0,2324
Roulette,88.78,73,73,0,29.53,0,2146
Second Heaven,86.75,102,102,0,33.12,0,2138
Sense 2007,123.95,127.1,127.1,0,113.2,0,3034
smile,108.69,117.08,117.08,0,78.96,0,2928
snow storm,104.32,72.38,72.38,0,10.24,0,2818
the shadow,109.67,94.02,94.02,0,31.85,0,2960
The Smile of You,59.47,58.14,58.14,0,10.1,0,1630
TRANOID,120.04,89.38,89.38,0,46.76,56.99,2282
VANESSA,127.15,102.05,102.05,0,78.45,0,2456
Watch out!!,69.88,51.62,51.62,0,138.2,0,1674
With your Smile,74.92,72.5,72.5,0,14.54,0,1576
クルクル☆ラブ～Opioid Peptide MIX～,90.06,68,68,0,18.93,0,2288
ヨシダさん,74.67,64.71,64.71,0,19.28,0,1974
リグレット,90.04,105.12,105.12,0,38.62,0,2446
星をこの手に,95.05,79.91,79.91,0,60.48,0,2198
花吹雪 ～ IIDX LIMITED ～,73.58,58.35,58.35,0,59.65,0,1438
零 - ZERO -,92.87,88.23,88.23,0,48.34,0,2324
電人、暁に斃れる。,135.2,111.95,111.95,0,43.97,0,3450
2 tribe 4 K,111.75,118.01,118.01,0,41.23,0,2804
"Anisakis -somatic mutation type""Forza""-",101.9,114.92,114.92,0,44.25,0,2886
avant-guerre,79.42,42.01,42.01,0,0,57.14,1964
Be OK,98.04,75.69,75.69,0,39.97,0,2430
beatonic nation,81.85,83.88,83.88,0,33.28,0,2186
Blue Rain,96.57,86.87,86.87,0,21.43,0,2298
Darling my LUV,60.48,43.62,43.62,0,55.79,0,1390
Dazzlin' Darlin,90.51,116.12,116.12,0,25.43,0,2230
Digitank System,89.55,103.46,103.46,0,144.09,0,2192
Do it!! Do it!!,86.39,95.2,95.2,0,88.01,0,1974
end of world,99.89,76.17,76.17,0,22.38,0,2536
four pieces of heaven,100.62,74.75,74.75,0,59.24,151.36,2450
Freeway Shuffle,90.66,62.84,62.84,0,32.71,0,1898
ICARUS,97.09,96.4,96.4,0,51.1,160.7,2602
in the Sky,105.67,122.51,122.51,0,44.54,0,2558
Kick Out 仮面,80.35,100.39,100.39,0,18.33,0,2044
LOVELY STORM,110.54,112.08,112.08,0,24.23,0,2858
madrugada,77.83,61.45,61.45,0,18.6,0,1890
MAX LOVE,96.35,110.94,110.94,0,67.18,0,2696
MENDES,158.89,147.37,147.37,0,77.84,0,3662
MENTAL MELTDOWN,118.73,112.77,112.77,0,79.12,0,2886
NEW GENERATION -もう、お前しか見えない-,106.66,103.39,103.39,0,70.05,0,2684
oratio,110.31,112.44,112.44,0,33.36,0,2986
PARANOiA ～HADES～,132.52,114.92,114.92,0,18.66,134.16,2790
PROMISE FOR LIFE,65.84,84.03,84.03,0,15.89,0,1750
REMINISCENCE,94.45,96.51,96.51,0,45.95,0,2366
Rising in the Sun(original mix),98.2,74.56,74.56,92.9,51.78,0,2404
Ristaccia,100.65,114.14,114.14,0,55.01,0,2772
"satellite020712 from ""CODED ARMS""",111.8,103.9,103.9,0,71.19,0,2586
satfinal,84.42,73.09,73.09,0,14.69,0,1926
scar in the earth,58.06,58.68,58.68,0,36.99,0,1532
soldier's waltz,105.82,113.15,113.15,131.53,48.79,0,2528
SOUND OF GIALLARHORN,121.72,126.26,126.26,0,32.96,0,3336
State Of The Art,124.35,93.93,93.93,0,17.31,0,3140
STEEL NEEDLE,105.21,90.98,90.98,0,50.74,0,2538
switch,102.13,99.16,99.16,0,33.41,0,2138
THE DEEP STRIKER,124.12,131.7,131.7,0,77.53,0,3056
the trigger of innocence,68.21,65.45,65.45,0,0,0,1848
Time to Air,121.01,128.13,128.13,0,63.49,0,2916
TRIP MACHINE PhoeniX,97.78,83.71,83.71,0,60.96,65.75,1870
TROOPERS,124.33,129.81,129.81,0,123.62,0,2992
Ubertreffen,124.64,78.46,78.46,0,40.43,0,2560
Wanna Party?,72.44,49.5,49.5,0,20.09,0,1524
エコ爺,73.85,65.01,65.01,0,0,0,1846
マチ子の唄,76.11,96.56,96.56,0,39.39,0,1802
ミラージュ・レジデンス,105.85,115.04,115.04,0,57.34,0,2690
少年A,100.56,85.7,85.7,0,60.67,54.19,2898
華爛漫 -Flowers-,94.74,91.35,91.35,0,35.54,0,2058
走馬灯 -The Last Song-,50.11,76.47,76.47,0,19.53,111.74,1346
高高度降下低高度開傘,85.57,41.98,41.98,0,49.64,0,2010
3y3s,145.99,156.51,156.51,0,115.28,0,3742
ALL I NEED YOUR LOVE,87.71,47.81,47.81,0,53.79,0,2162
ALL MY TURN -このターンに、オレの全てを賭ける-,106.11,92.72,92.72,0,38.82,0,2628
Arabian Rave Night,120.21,100.42,100.42,0,29.11,0,3008
B4U(BEMANI FOR YOU MIX),141.23,140.33,140.33,0,67.64,0,3620
Bahram Attack-猫叉Master Remix-,95.64,103.44,103.44,0,15.37,0,2628
BITTER CHOCOLATE STRIKER,145.8,176.55,176.55,0,68.32,0,3980
BRIDAL FESTIVAL !!!,86.73,97.74,97.74,0,36.37,0,2154
CaptivAte2～覚醒～,106.44,89.25,89.25,0,36.83,0,2442
Colorful Cookie,149.85,143.29,143.29,0,38.78,0,3546
Cyber Force -DJ Yoshitaka Remix-,92.52,85.68,85.68,0,58.01,0,2556
Flash Back 90's,91.07,65.83,65.83,0,57.39,0,2358
Fly Above,76.38,100.24,100.24,0,16.98,0,2032
Go Beyond!!,96.22,103.07,103.07,0,63.72,0,2332
HYPERION,108.79,73.96,73.96,0,33.76,0,2770
I'm Screaming LOVE,73.27,68.75,68.75,0,28.22,0,1702
Jack,102.93,90.92,90.92,0,16.57,0,2172
Just a Little Smile,102.42,100.45,100.45,0,138.85,0,2544
Kung-fu Empire,122.25,113.58,113.58,0,41.38,0,3314
Marie Antoinette,100.95,104.21,104.21,0,37.56,62.32,2624
Mind Mapping,79.12,82.07,82.07,0,53.7,0,1846
Monkey Dance '09,92.7,72.83,72.83,0,24.82,0,2284
naughty girl@Queen's Palace,92.07,90.19,90.19,0,154.44,0,2176
neogenesis,71.05,44.59,44.59,0,14.38,0,1728
NΦ CRIME,89.44,60.48,60.48,0,24.67,0,1902
Programmed World,94.24,92.13,92.13,0,25.43,0,2322
Punch Love 仮面,101.48,108.84,108.84,0,25.63,0,2538
Queen's Tragedy,91.52,58.22,58.22,0,27.61,0,2270
Secrets,129.32,126.98,126.98,0,82.26,0,3184
smooooch・∀・,92.63,86.04,86.04,0,56.39,0,2178
SOLITON BEAM,91,71.22,71.22,0,8.37,0,2374
THANK YOU FOR PLAYING,101.09,82.1,82.1,0,18.24,80.36,2180
THE SHINING POLARIS(kors k mix),124.28,97.49,97.49,0,74.85,0,3290
thunder HOUSE NATION Remix,101.48,105.91,105.91,0,50,0,2484
Turii ～Panta rhei～,100.53,95.63,95.63,0,41.32,0,2694
V2,135.26,136.22,136.22,0,34.84,0,3620
Y&Co. is dead or alive,116.73,108.89,108.89,0,101.4,151.86,2956
"You'll say ""Now!""",124.3,93.29,93.29,0,31.94,0,2552
まほろば,87.32,79.69,79.69,0,43.12,0,2066
ハリツヤランデヴー,107.66,113.57,113.57,0,14.41,0,2502
ミッドナイト堕天使,114.23,107.53,107.53,0,27.38,0,2796
不沈艦CANDY,134.58,135.39,135.39,0,25.64,0,3364
凛として咲く花の如く,109.52,114.07,114.07,0,18.26,0,2796
卑弥呼,158.61,147.55,147.55,0,33.84,151.53,4238
天空脳番長危機十六連打,111.08,67.63,67.63,0,45.26,0,2646
山岡晃の「クイズ！家事都合！」,99.32,56.19,56.19,0,14.68,0,2070
翼,74.32,71.69,71.69,0,12.05,0,1976
鉄甲乙女-under the steel-,88.32,100.87,100.87,0,19.34,0,2196
AIR RAID FROM THA UNDAGROUND,96.08,68.99,68.99,0,13.54,0,2378
Almagest,159.86,113.27,113.27,164.24,50.12,0,3258
Bad Maniacs,135.99,142.26,142.26,0,59.83,0,3312
bass 2 bass,94.41,99.14,99.14,0,153.46,0,1940
beatchic☆仮面～好き、でいさせて～,83.56,65.17,65.17,0,36.51,0,2034
BEAUTIFUL ANGEL,101.27,97.51,97.51,0,34.12,0,2508
being torn the sky,79.96,99.18,99.18,0,0,0,1996
bloomin' feeling,127.73,113.87,113.87,40.62,52.45,0,2626
CaptivAte～裁き～(SUBLIME TECHNO MIX),90.52,100.99,100.99,0,49.28,0,2462
D,105.9,87.05,87.05,3.28,53.47,159.06,2626
DAWN -THE NEXT ENDEAVOUR-,103.42,114.31,114.31,0,13.37,0,3154
Dazzlin' Darlin-秋葉工房mix-,93.09,57.52,57.52,0,22.55,0,2106
DESIRE,123.05,109.16,109.16,0,53.95,0,2892
Do Back Burn,103.25,96.88,96.88,103.59,112.91,0,2156
DOMINION,129.69,135.63,135.63,0,64.68,0,3272
DROP,109.24,88.58,88.58,0,32.14,0,2674
Elisha,91.65,66.42,66.42,170.34,19.12,0,2304
Empire State Glory,111.8,92.73,92.73,0,38.61,0,2658
eRAseRmOToRpHAntOM,115.5,115.89,115.89,0,51.4,72.84,3372
Evans,131.11,113.18,113.18,0,103.58,0,2880
EXUSIA,153.84,142.12,142.12,0,69.65,0,3928
G59,154.24,158.72,158.72,0,42.16,0,4000
GALGALIM,107.14,74.19,74.19,0,73.66,0,2416
GOLDEN CROSS,144.19,143.14,143.14,0,28.57,0,3530
Hydrogen Blueback,102,86.7,86.7,0,44.46,0,2340
IN THE NAME OF LOVE,90.78,58.96,58.96,0,34.59,0,1950
Keep it-秋葉工房mix-,80.85,35.07,35.07,0,33.14,0,1884
Last Burning,96.31,81.03,81.03,0,32.82,0,2394
Light Shine,93.4,99.14,99.14,121.84,37.19,0,1976
MIRACLE MEETS,90.04,94.13,94.13,176.2,24.42,0,2256
mosaic,143.08,155.5,155.5,0,93.95,0,3018
NEW SENSATION -もう、あなたしか見えない-,109.82,100.62,100.62,84.37,33.01,0,2714
NoN-Fiction Story!,100.95,84.92,84.92,0,29.1,0,2224
Programmed Sun,101.32,100.89,100.89,42.18,42.85,0,2618
quell～the seventh slave～,149.2,121.43,121.43,0,38.96,0,3292
Raison d'etre～交差する宿命～,104.85,67.69,67.69,0,56.09,15.93,2778
Red. by Full Metal Jacket,130.91,139.42,139.42,0,181.46,0,3286
Roots of my way!,76.93,87.71,87.71,0,31.71,0,2050
Session 1 -Genesis-,107.93,102.23,102.23,74.03,24.73,14.01,2480
She is my wife,83.83,72.3,72.3,0,36.57,8.23,2004
SOLID STATE SQUAD,132.4,133.54,133.54,0,81.13,0,3638
Sorrows,105.53,115.51,115.51,0,42.13,0,2482
Special One,90,73.35,73.35,0,24.17,0,1790
THE LAST STRIKER,102.33,90.64,90.64,0,14.04,0,2654
The Story Begins,92.06,91.87,91.87,0,38.1,0,2464
かずあそび,69.6,67.12,67.12,5.77,48.8,0,1704
たからもの,81.86,100.89,100.89,0,19.11,0,2246
コスモス,94.83,100.07,100.07,0,18.44,0,2098
サヨナラ・ヘヴン,68.01,54.67,54.67,0,92.15,0,1710
バビロニア,72.81,86.54,86.54,0,36.12,0,1880
ワルツ第17番 ト短調”大犬のワルツ”,126.92,112.9,112.9,0,0,200,3368
未来のプリズム,77.66,66.69,66.69,19.81,13.94,0,1786
"水上の提督(Short mix from ""幻想水滸伝V"")",86.43,68.17,68.17,0,15.84,0,2146
Aegis,109.34,100.53,100.53,89,70.91,0,2404
ALBIDA,131.4,135.13,135.13,0,92.6,0,3060
Answer,95.13,88.42,88.42,0,39.06,0,2448
ANTHEM LANDING,115.14,110.84,110.84,0,15.82,0,2968
Believe In Me,99.09,84.06,84.06,0,33.33,0,2426
BLUST OF WIND,87.64,78.69,78.69,32.42,18.32,0,2160
Bounce Bounce Bounce,96.47,102.59,102.59,0,102.87,0,2586
Breaking the ground,91.9,117.82,117.82,0,92.5,0,2548
Broken,121.53,123.77,123.77,0,22.16,0,3196
BROKEN EDEN,104.29,71.1,71.1,0,34.07,0,2364
Dances with Snow Fairies,126.04,115.3,115.3,0,39.04,0,3246
DAYDREAMER,94.17,113.19,113.19,0,18.44,0,2530
Destiny Sword,112.94,88.78,88.78,0,56.98,0,2426
DM STAR～関西 energy style～,96.72,88.35,88.35,0,17.53,0,2412
Energy Drive,88.54,72.31,72.31,126.48,20.68,0,2244
Eternal Tears,56.45,77.3,77.3,0,11.3,0,1382
Everlasting Resort,84.03,68.1,68.1,104.06,20.42,0,1918
Fantasia,103.68,110.86,110.86,0,45.07,0,2246
Golden Palms,82.73,76.85,76.85,118.16,50.04,0,2072
I FIGHT ME,85.78,92.61,92.61,0,0,0,2136
Kailua,97.24,75.97,75.97,197.62,30.84,0,2250
Let The Track Flow,114.96,88.05,88.05,0,28.79,0,2734
Medicine of love,85,94.72,94.72,0,48.62,0,1732
Mermaid girl,89.81,105.63,105.63,0,45.26,0,2226
Never Fade Away,123.25,113.99,113.99,0,42.7,0,3070
New Castle Legions,113.98,80.77,80.77,124.49,52.12,125.87,2836
PARADISE LOST,128.78,117.81,117.81,165.29,84.1,0,3436
passionate fate,93.65,104.47,104.47,0,78.07,0,2150
perditus†paradisus,154.27,131.61,131.61,122.76,22.87,0,4130
Programmed Life,109.89,84.65,84.65,0,53.11,0,2412
reunion,134.82,137.66,137.66,0,42.16,0,3354
Rock Da House,103.38,88.03,88.03,0,48.07,0,2256
SABER WING,131.73,131.44,131.44,0,31.36,172.01,2876
Sakura Reflection,111.37,111.6,111.6,119.9,29.32,0,2380
sakura storm,133.92,112.29,112.29,63.9,116.48,0,2450
Session 9 -Chronicles-,148.91,147.45,147.45,0,36.9,28.05,3704
Space Time,87.05,61.01,61.01,0,22.77,0,2228
SPECIAL SUMMER CAMPAIGN!,139.94,116.78,116.78,0,34.35,0,3018
Stay my side,63.66,77.9,77.9,34.06,16.42,0,1356
STELLAR WIND,113.33,95.28,95.28,0,44,0,2740
THE BLACK KNIGHT,116.28,98.95,98.95,143.02,13.09,0,2976
THE DOOR INTO RAINBOW,88.89,66.51,66.51,81.15,49.01,0,2246
THE FALLEN,124.01,126.18,126.18,0,64.96,0,2754
Tropical April,112.42,122.06,122.06,0,59.89,0,2790
Vermillion,114.09,77.54,77.54,0,42.16,0,2090
Watch Out Pt.2,131.95,126.58,126.58,0,179.43,0,3012
WISE UP!,76.43,65.82,65.82,0,17.33,0,1606
Wuv U,89.48,79.7,79.7,0,59.82,0,1722
XANADU OF TWO,103.52,105.08,105.08,0,24.55,0,2764
ZETA～素数の世界と超越者～,116.98,112.59,112.59,0,29.61,111.69,3166
おおきなこえで,58.95,59.49,59.49,0,13.1,0,1508
かげぬい ～ Ver.BENIBOTAN ～,79.22,69.96,69.96,35.18,36.51,0,1960
中華急行,114.02,96.61,96.61,0,34.16,0,2334
夕焼け ～Fading Day～,120.15,100.96,100.96,0,46.24,0,2840
旅人リラン,108.48,107.95,107.95,0,23.5,0,2690
灼熱Beach Side Bunny,135.15,138.21,138.21,0,198.85,0,3438
黒髪乱れし修羅となりて,140.69,130.08,130.08,0,40.53,0,3490
24th Century BOY,115.2,113,113,0,24.78,0,2912
532nm,133.62,107.75,107.75,0,43.29,0,2698
Almace,93.55,77.54,77.54,96.62,43.1,0,2024
ANAGRAMS I to Y,90.71,87.75,87.75,0,31.85,0,2490
BLACK.by X-Cross Fade,147.9,152.49,152.49,0,189.77,0,3476
CALL,58.93,40.55,40.55,0,9.93,0,1470
Castle on the Moon,123.14,82.88,82.88,0,60.49,0,2462
Change the World,73.99,50.69,50.69,0,16.79,0,1862
DIAVOLO,151.04,105.55,105.55,0,52.97,0,3490
Drive Me Crazy,96.68,100.27,100.27,0,54.79,0,2314
Express Emotion,102.71,89.16,89.16,0,32.97,0,2542
F,152.04,114.47,114.47,0,23.83,0,3626
Far east nightbird,84.68,62.83,62.83,0,13.84,0,2050
fffff,153.79,129.18,129.18,0,40.03,0,3248
Flip Flap,97.34,108.76,108.76,0,51.14,0,2274
Follow Tomorrow,91.34,100.68,100.68,0,41.95,0,2284
GIGANT,83.44,59.38,59.38,74.68,38.93,0,1780
HAERETICUS,145.18,124.36,124.36,0,83.2,0,3178
I'm so Happy,120.22,104.55,104.55,0,81.17,0,2374
In the Blackest Den,117.74,55.55,55.55,0,85.66,0,2744
Infinite cave,85.29,78.73,78.73,0,44.04,0,2088
LAX5 feat.Ryota Yoshinari,115.37,120.82,120.82,0,20.02,0,2854
LETHEBOLG ～双神威に斬り咲けり～,86.97,77.49,77.49,0,18.82,0,2222
Liquid Crystal Girl feat. echo,79.29,63.73,63.73,0,28.48,0,2028
LOVE B.B.B,84.73,57.85,57.85,0,10.9,0,2038
Lucky Days,88.55,72.89,72.89,0,31.35,0,2222
Mermaid girl-秋葉工房 MIX-,78.9,64.92,64.92,0,27.9,0,2060
Miami Sunset Drive,63.47,37.28,37.28,127.27,9.88,0,1684
NNRT,128.85,136.82,136.82,0,51.68,15.64,3560
Phoenix,108.96,68.55,68.55,0,35.34,0,2516
prompt,111.58,107.91,107.91,0,15.45,0,2840
QUANTUM TELEPORTATION,111.46,90.43,90.43,0,39.24,0,2980
quaver♪,157.37,145.96,145.96,0,34.85,45.72,3490
Quick Silver,117.37,110.24,110.24,30.15,61.94,0,2706
Release The Music,85.39,60.17,60.17,0,46.61,0,2162
RESISTANCE,100.05,105.84,105.84,0,50.5,0,2396
Round and Round,84.79,64.39,64.39,0,61.89,0,2176
SA.YO.NA.RA. SUPER STAR,73.5,52.92,52.92,1.86,35.78,89.54,1736
Scharfrichter,113.84,114.47,114.47,152.74,32.1,0,2944
Several Words,96.69,85.65,85.65,48.28,17.32,0,2196
SHADE,114.5,116.5,116.5,0,15.94,0,2928
Snake Stick,124.22,102.78,102.78,0,178.48,0,2894
Snow Goose,122.6,54.79,54.79,0,0,0,2476
Star Trail,78.01,46.17,46.17,0,40.43,0,1884
The Limbo,133.64,121.66,121.66,0,49.8,0,3402
The Sampling Paradise,130.12,113.41,113.41,12.03,111.83,0,3090
Thunderbolt,152.8,156.98,156.98,0,74.6,0,3822
TITANS RETURN,118.87,105.55,105.55,0,72,0,2550
Todestrieb,128.4,127.13,127.13,78.57,11.33,0,3466
Voxane,76.33,76.55,76.55,0,35.98,0,1762
WONDER WALKER,150.54,146.58,146.58,0,49.1,0,3842
YAKSHA,150.69,132.08,132.08,0,38.97,0,4000
yellow head joe,116.56,73.31,73.31,0,35.38,0,2304
Yellow Sunrise,94.63,66.98,66.98,0,13.84,0,2290
ビューティフルレシート,89.49,100.52,100.52,0,51.33,0,1956
ユミル,116.45,116.95,116.95,0,46.14,0,2868
君のハートにロックオン,107.24,67.88,67.88,0,37.84,0,2726
天空の夜明け,156.61,147.92,147.92,0,15.98,0,4144
子供の落書き帳,143.1,113.51,113.51,0,52.31,0,2790
恋する☆宇宙戦争っ！！,142.09,109.7,109.7,0,59.8,0,3670
突撃!ガラスのニーソ姫!,93.68,99.67,99.67,33.6,50.57,0,2132
聖人の塔,126.72,105.2,105.2,0,14.72,153.56,3134
蛇神,113.47,100.35,100.35,119.1,27.58,0,2876
衰色小町メランコリア,103.33,108.26,108.26,0,43.57,0,2384
陽炎,95.09,88.17,88.17,0,25.37,0,2020
405nm (Ryu☆mix),116.14,92.8,92.8,0,28.61,0,2602
8bit Princess,106.34,108.42,108.42,0,32.3,0,2638
Ascalon,98.32,94.55,94.55,0,52.61,0,2342
Beastie Starter,100,55.24,55.24,0,61.1,0,2242
BLUE STRAGGLER,114.97,65.28,65.28,0,41.62,0,2656
BRAVE GLOW,99.91,99.74,99.74,0,68.11,0,2522
CONCEPTUAL,118.43,104.95,104.95,0,42.8,0,2782
Confiserie,164.16,142.57,142.57,0,82.35,0,3666
connective,64.76,42.74,42.74,0,11.72,0,1610
Cookie Bouquets,130.49,136.78,136.78,0,43.81,0,3428
DAY DREAM,117.38,95.51,95.51,0,32.62,159.61,2150
Devilz Staircase,149.82,136.43,136.43,11.7,51.17,0,3370
Elemental Creation,161.58,174.4,174.4,0,58.11,0,4260
examination leave,150.74,163.38,163.38,0,29.51,0,3424
FLOWER,115.29,113.26,113.26,36.89,52.36,0,2920
Fly you to the star,95.48,83.48,83.48,0,52.31,0,2288
GAIA,132.52,113.57,113.57,0,40.32,0,3352
GRADIUS 2012,104.6,101.13,101.13,95.44,53.58,0,2760
Hollywood Galaxy,122.27,104.64,104.64,146.19,21.76,0,2784
Howling,93.42,63.38,63.38,0,63.21,0,2132
I know You know,77.61,61.38,61.38,0,46.42,0,1900
ILIAS,94.95,87.26,87.26,0,27.54,0,2210
Illegal Function Call,110.81,37.51,37.51,0,34.64,0,2796
In Heaven,85.85,66.28,66.28,0,30.92,0,2144
JOMANDA,146.93,140.43,140.43,0,66.41,179.34,3836
Liberation,138.97,127.48,127.48,0,12.76,0,3810
Light and Cyber…,124.19,105.14,105.14,0,29.23,0,3158
Little Star,135.81,99.97,99.97,0,73.83,0,3270
LUV CAN SAVE U,83.74,88.46,88.46,0,26.25,0,2138
mnemoniq,61.01,38.42,38.42,0,14.86,0,1316
Neonlights,95.37,81.99,81.99,0,61.65,0,2254
neu,131.05,134.56,134.56,0,36.77,0,3998
New Decade IIDX Edition,130.3,115.1,115.1,0,84.51,0,3078
New Lights,97.12,108.26,108.26,0,53.78,0,2500
Plan 8,132.14,138.73,138.73,0,169.94,0,3380
planarian,109.16,98.15,98.15,0,19.27,0,2558
POINT ZERO,93.2,78.68,78.68,0,20.98,0,2136
Praludium,99.01,54.76,54.76,0,21.67,0,2328
Proof of the existence,126.43,114.36,114.36,0,30.23,0,3350
Rainbow after snow,83.89,76.75,76.75,0,0,0,2180
Re:GENERATION,93.55,50.97,50.97,0,46.42,0,2290
Reflection Into the EDEN,77.53,79.21,79.21,0,20.02,0,2200
rumrum triplets,116.64,108.29,108.29,0,34.74,0,3082
S!ck,107.9,99.44,99.44,16.1,84.18,0,2746
Saturn,115.54,102.26,102.26,0,20.85,0,2664
Shining World,77.67,63.98,63.98,0,11.59,0,1952
SHION,108.02,116.91,116.91,0,23.74,0,2718
Sol Cosine Job 2,129.89,115.24,115.24,18.9,90.85,51.39,3250
STULTI,126.67,121.66,121.66,0,67.12,109.35,2832
SYNC-ANTHEM,145.44,143.77,143.77,0,33.52,36.2,3730
Synergy For Angels,117.31,98.67,98.67,0,29.9,0,2800
Take My Life,122.9,102.84,102.84,0,33.11,0,2974
Thor's Hammer,152.87,107.61,107.61,0,72.64,0,3282
Time To Empress,111.17,104.76,104.76,0,34.87,0,2648
Timepiece phase II,152.46,141.75,141.75,0,52.05,0,3330
Timepiece phase II (CN Ver.),141.61,124.28,124.28,190.03,27.37,0,3092
True Blue,138.21,130.01,130.01,0,12.2,0,3796
Valanga,141.8,138.84,138.84,143.4,47.67,0,3294
VALLIS-NERIA,112.75,127.57,127.57,144.46,46.89,0,3014
VEGA,128.74,127.13,127.13,0.45,61,0,3168
ZED,110.14,88.39,88.39,0,21.13,0,2810
Zirkfied,149.4,152.3,152.3,0,38.16,0,3936
ΕΛΠΙΣ,127.08,96.5,96.5,0,20.24,0,3200
†渚の小悪魔ラヴリィ～レイディオ†(IIDX EDIT),163.45,148.04,148.04,0,96.19,0,3670
お米の美味しい炊き方、そしてお米を食べることによるその効果。,93.62,54.93,54.93,0,68.1,0,2244
たまゆら,121.71,125.87,125.87,0,51.68,0,2814
アストライアの双皿,128.32,110.05,110.05,119.77,35.51,0,3264
カジノファイヤーことみちゃん,110.08,94.15,94.15,30.62,139.19,0,2542
キャトられ恋はモ～モク,142.45,135.58,135.58,0,86.11,0,3976
シュレーディンガーの猫,151.6,151.86,151.86,0,29.59,0,3434
トリカゴノ鳳凰,138.05,118.13,118.13,75.6,42.16,0,3864
メイメツ、フラグメンツ,94.81,91.26,91.26,0,35.8,0,1968
ラキラキ,95.03,79.76,79.76,0,29.74,0,2002
下弦の月,80.24,88.81,88.81,0,27.47,0,2000
仮想空間の旅人たち,106.47,92.5,92.5,0,14.44,0,2900
創世ノート,121.11,112.72,112.72,0,51.35,0,3024
即席！脳直★ミュージックシステム,148.19,131.5,131.5,0,92.82,0,3676
朧,86.16,77.23,77.23,0,26.06,0,2120
梅雪夜,98.5,105.7,105.7,0,37.83,0,2162
狂イ咲ケ焔ノ華,139.11,109.54,109.54,0,46.32,0,3720
音楽,101.91,119.87,119.87,0,0,175.48,2974
龍と少女とデコヒーレンス,118.74,95.38,95.38,0,24.55,0,3030
Adularia,119.71,83.43,83.43,174.02,13.84,0,2898
ALBA -黎明-,128.97,132.25,132.25,106.56,51.26,0,3262
Ancient Scapes,137.79,123.17,123.17,0,50.75,0,3560
ATHER,117.65,106.03,106.03,0,88.69,0,2880
BLUE DRAGON(雷龍RemixIIDX),142.61,165.56,165.56,19.37,106.94,0,3454
BRAINSTORM,112.75,106.21,106.21,0,111.12,0,2898
BRAVE OUT,86.88,46.65,46.65,0,38.3,0,2182
Claiomh Solais,86.48,100.84,100.84,0,25.75,0,2104
Cleopatrysm,109.48,100.29,100.29,0,55.34,0,2652
Close the World feat.a☆ru,143.79,139.71,139.71,0,56.64,0,3478
Critical Crystal,127.64,125.2,125.2,83.28,74.65,0,2990
Dark Fall,118.18,79.09,79.09,109.42,54.12,0,2832
DARK LEGACY,142.09,155.64,155.64,0,39.64,0,3656
Devilz Sacrifice -贖罪の羊-,114.65,97.64,97.64,9.37,36.32,0,2530
diagram,110.48,111,111,0,73.82,0,2922
Elektrick U-Phoria,125.17,118.65,118.65,0,64.05,0,3132
Element of SPADA,79.47,87.53,87.53,0,11.61,0,2094
Engraved Mark,106.64,84.34,84.34,0,90.92,0,2444
EXTREME MACH COLLIDER,105.2,84.91,84.91,10.78,71.65,0,2610
Feel The Beat,145.34,121.41,121.41,0,106.14,0,3660
Funny shuffle,111.53,113.32,113.32,0,98.28,0,2398
HYENA,117.15,98.43,98.43,0,75,0,2868
Hypersonik,98.84,102.7,102.7,0,30,0,2544
I will be back -オレは帰ってきた-,131.03,116.94,116.94,33.6,26.87,0,2984
Idola,131.52,148.47,148.47,0,37.78,0,3652
Insane Techniques,97.2,96.16,96.16,0,102.5,0,2526
INSOMNIA,135.45,136.58,136.58,0,113.06,0,3322
into the battlefield,99.12,91.02,91.02,0,21.18,0,2386
invoker,125.6,120.21,120.21,0,87.34,0,3248
IX,160.91,142.6,142.6,59.51,83.05,0,4014
KAISER PHOENIX,160.83,145.51,145.51,0,55.44,0,3386
KHAMEN BREAK,94.21,65.93,65.93,12.81,60,0,2562
Last Dance,130.46,118.83,118.83,17.65,37.44,0,3300
Lighting Shower,117,81.42,81.42,0,54.5,0,2440
M.D.Injection,101.56,75.55,75.55,0,32.46,0,2462
m1dy Deluxe,109.1,66.6,66.6,0,100.76,0,2684
MAD ATTACK,91.42,90.8,90.8,0,84.67,0,1982
MAGIC & LOVE,124.35,122.71,122.71,0,72.8,0,2962
Miracle 5ympho X,104.27,106.32,106.32,18.28,65.94,0,2650
NPC World,96.11,60.07,60.07,0,53.35,0,2310
Odin,76.63,86.03,86.03,0,62.87,72,2078
Overload Frontier,105.24,99.15,99.15,0,125.02,0,2672
Pharaoh,114.16,112.85,112.85,0,65.62,0,2484
PUNISHER,150.13,144.66,144.66,0,78.47,0,3624
ra'am,132.5,131.78,131.78,45.63,75.98,88.86,2922
rainbow guitar weeps,112.7,105.77,105.77,0,14.6,0,2812
Recollection,82.7,101.45,101.45,0,26.94,0,2236
refractive index,115.23,87.71,87.71,0,39.5,0,2720
RISE,76.91,57.48,57.48,57.19,29.46,0,1902
RIZING YOU UP,107.62,118.2,118.2,0,31.49,0,2590
SCHWARZSCHILD FIELD,114.37,88.82,88.82,0,95.37,0,2464
Sigmund,165.49,128.02,128.02,70.78,73.82,0,4058
Squeeze,116.13,91.58,91.58,0,48.45,0,2514
THE DETONATOR,111.17,132.53,132.53,0,68.81,0,3272
Unicorn tail,113.73,116.92,116.92,0,29.42,0,3210
Valgus,94.73,109.42,109.42,0,72.12,0,2412
Verflucht,156.04,122.23,122.23,0,17.01,0,3610
VOX UP,144.89,160.4,160.4,0,131.57,0,3740
Wonder Girl feat. Kanae Asaba,115.52,113.37,113.37,0,32.73,0,2828
お願いアインシュタイン,102.09,104.97,104.97,0,30,0,2132
アルストロメリア,98.36,81.96,81.96,0,54.29,0,2508
デッドボヲルdeホームラン,124.35,123.49,123.49,0,69.68,0,2834
バンブーソード・ガール,108.22,55.11,55.11,0,88.16,0,2522
廿,94.91,80.88,80.88,0,100.77,39.95,2430
旋律のドグマ～Miserables～,141.46,130.14,130.14,1.86,35.01,0,4004
海神,124.48,124.72,124.72,151.57,72.36,0,3258
煉獄のエルフェリア,155.62,163.93,163.93,0,53.31,0,4000
幻想系世界修復少女,99.54,80.15,80.15,0,45.23,0,2020
牧神笛吹きて,85.3,72,72,0,25.59,0,2088
疾風迅雷,126.38,98.09,98.09,0,24.04,0,2986
罪と罰,86.54,69.5,69.5,0,22.43,0,2192
超!!遠距離らぶメ～ル,102.56,99.66,99.66,0,34.82,0,2704
轟け！恋のビーンボール！！,161.27,148.74,148.74,0,84.05,0,3668
#The_Relentless,110.74,103.87,103.87,4.68,60,0,2958
AFRO KNUCKLE,95.56,102.72,102.72,0,59.06,0,2452
Beat Radiance,118.64,122.08,122.08,0,64.1,0,2670
Beyond The Earth,117.64,121.61,121.61,0,69.78,0,3292
Blaze it UP!,115.68,116.89,116.89,47.96,63.45,0,3002
BLUE MIRAGE,134.38,116.98,116.98,0,142.66,0,3212
Broken Sword,150.41,146.4,146.4,0,19.73,0,3774
Chain of pain,90.55,84.31,84.31,0,14.6,0,2260
chrono diver -fragment-,72.35,73.19,73.19,0,12.3,0,1800
CHRONO DIVER -NORNIR-,126.06,118.16,118.16,0,28.7,0,3136
Chrono Diver -PENDULUMs-,174.77,169.95,169.95,0,27.57,0,4444
Chronos,103.29,101.09,101.09,133.79,59.32,0,2410
cinder,126.84,133.05,133.05,70.46,35.2,0,3202
COLOSSEUM,103.57,108.84,108.84,0,35.8,0,2318
Cosmic Cat,90.72,95.2,95.2,0,56.68,0,2332
Despair of ELFERIA,161.18,183.87,183.87,0,38.71,0,4192
Discloze,109.99,110.99,110.99,31.25,59.3,96.9,2730
EBONY & IVORY,146.61,136.07,136.07,0,76.6,0,3040
entelecheia,148.21,128.3,128.3,114.96,0,0,3314
Erosion Mark,94.46,75.18,75.18,0,47.1,0,2192
fallen leaves -IIDX edition-,153.93,128.24,128.24,138.62,39.23,0,3490
FANTASTIC THREE,132.92,120.05,120.05,0,118.4,0,3298
Flashes,139.8,106.94,106.94,132.9,83.12,0,3382
Gravigazer,134.96,107.36,107.36,46.87,82.1,0,3066
HELL SCAPER -Last Escape Remix-,99.25,121.01,121.01,0,84.8,0,2916
Hello Happiness,112.75,90.15,90.15,0,104.06,0,2396
illuminate,93.82,50.84,50.84,0.46,49,0,2344
IMPLANTATION,120.86,88.7,88.7,0,14.38,0,2326
In The Breeze,82.79,62.88,62.88,0,37.02,35.95,1792
Invitation from Mr.C,124.83,121.68,121.68,67.47,113.04,0,2810
IXION,85.28,60.83,60.83,0,26.89,0,2172
Line 4 Ruin,119.2,111.77,111.77,0,32.83,0,2804
Monopole.,143.41,134.76,134.76,102.52,47.73,0,3458
NEO GENERATOR SEVEN,135.11,138.92,138.92,0,82.7,0,3380
Night sky,117.01,103.49,103.49,76.39,53.17,0,2982
No Tears,102.35,110.56,110.56,0,28.99,0,2572
On My Wings(Hardstyle IIDX),80.54,70.02,70.02,0,41.12,0,1998
PENDUAL TALISMAN,97.71,116.21,116.21,12.18,32.5,12.42,2628
Rave*it!! Rave*it!!,147.88,200,200,57.32,108.47,0,3312
Realize Maze,114.45,123.86,123.86,0,39.93,0,3006
Reflux,126.91,117.34,117.34,172.28,107.8,0,3148
Sakura Mirage,105.7,85.81,85.81,35.06,69.25,0,2380
SAMSARA,79.39,53.57,53.57,0,50.5,0,2062
Say YEEEAHH,134.03,162.64,162.64,0,36.69,0,3354
Scarlet Moon,122.69,104.3,104.3,84.38,54.69,0,2778
Scars of FAUNA,119.07,122.78,122.78,176.29,9.39,0,2950
Shooting Fireball,150.7,140.9,140.9,0,14.95,0,3966
Sounds Of Summer,127.24,132.43,132.43,26.5,30.63,0,3026
SpaceLand☆TOYBOX,138.78,116.78,116.78,0,34.35,0,3002
Sweet Radar,89.44,94.2,94.2,0,41.52,0,2040
Symmetry,132.3,125.8,125.8,0,32.54,0,3318
TA・DA ☆ YO・SHI,94.06,71.69,71.69,72.82,48.19,0,2360
The Least 100sec,144.71,126.32,126.32,0,77.06,92.9,3010
TIEFSEE,135.73,109.85,109.85,0,23.13,0,3504
TOXIC VIBRATION,150.66,129.64,129.64,0,43.14,0,3866
Vulkan,127.12,115.65,115.65,0,27.45,0,3036
We're so Happy (P*Light Remix) IIDX ver.,153.99,153.94,153.94,0,103.84,0,3792
ZZ,136.52,117.17,117.17,76.1,16.77,0,3082
それは花火のような恋,151.42,146.48,146.48,0,85.43,0,3952
とろぴかる倶楽部,99.47,108.69,108.69,0,135.81,0,2308
ぷろぐれっしぶ時空少女！うらしまたろ子ちゃん！,104.38,102.2,102.2,0,66.29,0,2570
もっと！モット！ときめき feat. 松下,106.53,44.6,44.6,2.5,83.39,0,2848
ドッキン☆サマーあばんちゅーる,114.41,126.02,126.02,0,95.64,0,2894
パ→ピ→プ→Yeah!,116.2,114.88,114.88,82.06,17.85,0,2560
ベィスドロップ・フリークス,97.19,89.3,89.3,4.05,65.05,0,2286
リリーゼと炎龍レーヴァテイン,159.68,139.38,139.38,118.75,48.01,0,3542
共鳴遊戯の華,155.13,125.94,125.94,157.98,34.49,0,4000
十六夜セツナ,90.3,97,97,92.09,46.49,0,2264
千年ノ理,124.08,135.57,135.57,0,15.74,0,3216
取り残された美術(Arranged:HiZuMi),102.27,104.99,104.99,0,47.62,0,2222
夏色DIARY - L.E.D.-G STYLE MIX -,135.62,112.54,112.54,45.24,59.03,0,3180
妖隠し -あやかしかくし-,85.1,60.21,60.21,0,23.04,0,2206
少年は空を辿る,134.3,127.59,127.59,101.85,44.71,0,3458
恋は白帯、サンシロー,82,79.75,79.75,0,33.35,0,2042
打打打打打打打打打打,124.38,123.82,123.82,11.55,34.43,0,2684
時空トラベローグ,106.66,69.34,69.34,0,30.63,0,2790
白露の風,84.18,91.35,91.35,0,55.42,0,2036
紅牡丹,133.55,126.34,126.34,0,92.25,0,2890
表裏一体！？怪盗いいんちょの悩み,142.25,141.05,141.05,0,65.1,0,3630
超青少年ノ為ノ超多幸ナ超古典的超舞曲,107.78,86.38,86.38,0,0,0,2700
鬼天,108.04,84.19,84.19,127.31,24.26,0,2530
Ｘ↑Ｘ↓,112.2,122.67,122.67,0,47.33,0,2970
199024club -Re:BounceKiller-,98.21,88.3,88.3,0,176.25,0,2520
Acid Pumper,104.21,75.36,75.36,163.37,47.33,0,2534
Angelic Jelly,115.93,103.57,103.57,0,50.58,0,2838
AO-1,133.66,120.01,120.01,88.23,114.5,0,2886
Arcana,97.71,68.14,68.14,105.9,11.76,0,2300
Aublia,101.57,91.45,91.45,79.48,34.75,0,2598
Battle Train -IIDX Edition-,131.26,100.42,100.42,0,25.51,0,3374
Blue Spring Express,147.18,125.7,125.7,0,78.19,0,3456
Central Station,100.23,91.97,91.97,0,71.66,0,2446
chaos eater -IIDX edition-,112.8,110.96,110.96,0,63.12,0,2656
CODE:1 [revision1.0.1],132.64,126.36,126.36,0,45.58,0,3180
Daily Lunch Special,114.78,118.41,118.41,125.73,39.74,0,2988
Damage Per Second,87.27,85.39,85.39,31.26,35.32,0,2052
Derelict Star feat. Ryu*,107.71,120.22,120.22,74.06,68.73,0,2672
Devil's Gear,136.98,133.38,133.38,0,103.03,0,3586
DIAMOND CROSSING,145.67,123.22,123.22,200,44.86,0,3170
do the thing feat. Kanae Asaba,94.96,104.8,104.8,0,53.76,0,2342
Donkey Donk,92.3,80.56,80.56,160.76,54.97,0,2300
Dynamite,151.32,177.1,177.1,121.41,160.03,0,3906
Everlasting Last,90.54,72.49,72.49,0,35.79,0,2248
Exchange Place,68.97,67.26,67.26,0,25.6,0,1806
GENERATE feat.綾倉盟,92.12,88.65,88.65,0,17.6,0,2364
Glitch Nerds,90.01,79.65,79.65,79.68,71.34,0,2298
Go Faraway,99.06,97.29,97.29,0,37.27,0,2518
GOBBLE,94.33,66.14,66.14,0,38.09,0,1732
Godspeed,144.65,127.53,127.53,132.91,31.66,0,3262
Grand Chariot,139.88,132.34,132.34,37.55,74.64,0,3550
Highcharge Divolt,121.55,109.59,109.59,100.05,44.25,0,2842
Inner Spirit,114.89,100.48,100.48,0,74.64,0,2916
Journey,77.71,53.34,53.34,0,9.53,0,1900
Konzert V,136.09,126.48,126.48,0,36.53,0,3420
La dolce primavera,96.75,95.28,95.28,8.44,15.4,0,2196
M4K3 1T B0UNC3,124.65,128.23,128.23,71.15,69.9,0,3092
Musik LoverZ,103.59,88.68,88.68,0,65.47,0,2536
NANAIRO,110.45,114.53,114.53,0,49.22,0,2616
Nightmare before oversleep,121.59,119.73,119.73,0,30.71,0,3000
NINJA IS DEAD IIDX ver.,129.2,123.87,123.87,0,39.63,64.37,3040
NO LIMIT -オレ達に限界は無い-,93.95,97.68,97.68,0,112.27,0,2296
Nowhere,89.93,83.92,83.92,0,33.94,0,2200
NZM,142.66,125.32,125.32,185.94,46.06,0,3566
On the FM,133.26,130.95,130.95,3.75,114.71,0,2838
Outbreak,117.79,122.76,122.76,0,83.4,0,3046
POSSESSION,136.84,136.79,136.79,22.81,20.3,157.88,3042
quick master (reform version),0,9.24,9.24,0,29.45,0,528
refrain,155.55,130.01,130.01,0,12.82,0,3714
Rock It,123.27,78.68,78.68,0,35.32,0,3000
Routing,109.62,111.78,111.78,0,116.31,0,2646
SEITEN NO TERIYAKI,102.12,100.52,100.52,0,56.29,0,2326
Sephirot,93.82,56.24,56.24,0,18.34,0,2386
Set U Free feat. Kanae Asaba,105.4,72.84,72.84,0,9.52,0,2580
SHELTER OF THE MIND,112.84,109.25,109.25,0,44.36,0,3076
STARLiGHT,107.35,112.9,112.9,0,96.86,0,2826
STARLIGHT DANCEHALL,115.52,121.61,121.61,0,97.85,0,2684
StrayedCatz,116.72,115.25,115.25,0,31.39,0,2980
Super Duper Racers,96.82,82.69,82.69,0,52.37,0,2398
SURVIVOR,79.14,92.82,92.82,0,21.04,0,2028
Tori-no-kimochi,75.04,68.45,68.45,0,10.08,0,2060
Triple Counter,152,178.38,178.38,92.32,52.75,0,4032
Uh-Oh,95.94,100.18,100.18,0,145.93,0,2456
Violet Pulse,99.33,57.02,57.02,0,0,0,2504
Violet Rose,118.26,110.05,110.05,0,28.44,0,2666
Welcome,104.69,111.12,111.12,0,98.94,0,2714
X,156.75,140.01,140.01,0,16.38,0,3904
ZEPHYRANTHES,117.88,70.86,70.86,0,36.66,0,2998
か・し・ま・し☆PUMP UP！,112.91,106.87,106.87,0,100.44,0,2906
めいさいアイドル☆あいむちゃん♪,135.2,129.23,129.23,0,43.02,0,3434
オルタネイトβ,89.84,81.06,81.06,0,23.02,0,2274
ギョギョっと人魚 爆婚ブライダル,98.78,106.69,106.69,0,47.02,0,2418
シュッパツシンコウ・シサカンコ,91.75,85.73,85.73,0,15.7,0,2468
セロトニン,97.71,73.98,73.98,38.58,47.7,0,2388
少女アリスと箱庭幻想コンチェルト,90.14,38.65,38.65,157.34,7.79,0,2190
明鏡止水,112.21,112.48,112.48,0,23.79,75.16,2886
星屑ディスタンシア,87.67,83.05,83.05,0,41.66,0,2146
朝焼けから始まるボクらの小さな旅,107.93,103.98,103.98,1.4,37.56,69.07,2596
灼熱 Pt.2 Long Train Running,143.9,145.34,145.34,9.2,200,0,3608
真 地獄超特急 -HELL or HELL-,132.28,134.63,134.63,164.25,159.94,0,3454
紫陽花 -AZISAI-,114.36,109.48,109.48,47.65,70.45,0,2980
追想快晴テーマパーク,127.93,122.96,122.96,0,34.02,0,3178
量子の海のリントヴルム,136.21,109.8,109.8,63.39,30.27,0,3016
駅猫のワルツ,137.52,96.66,96.66,0,84.89,0,3116
麗 ～うらら～,106.52,77.75,77.75,0,39.71,0,2658
!Viva!,88.84,87.99,87.99,33.82,36.38,0,2028
#MAGiCVLGiRL_TRVP_B3VTZ,140.18,131.77,131.77,67.5,56.52,0,3506
(This Is Not) The Angels,113.17,113.2,113.2,0,45.94,171.5,2728
Amazing Mirage,109.02,103.05,103.05,8.12,86.93,0,2686
AO-∞,108.37,99.23,99.23,0,70.05,0,2750
Apocalypse,131.47,120.56,120.56,62.09,38.54,0,3628
Around The Galaxy,118.05,112.64,112.64,0,21.07,0,3428
AsiaN distractive,105.14,118.09,118.09,0,26.36,52.62,2674
BabeL ～Grand Story～,114.54,119.25,119.25,62.82,47.2,0,2864
Be A Star,114.46,121.6,121.6,0,34.22,0,2826
Beat Juggling Mix,93.53,87.24,87.24,0,143.65,113.55,2276
Believe in you,96.38,107.76,107.76,27.85,35.5,0,2452
Beyond The Seven,111.17,112.2,112.2,0,35.92,0,2750
BREAK OVER,90.38,89.73,89.73,0,64.22,16.25,2420
Breakin' Chain,93.92,97.15,97.15,9.21,55.01,0,2338
BroGamer,118.38,130.9,130.9,0,122.21,0,3136
Caterpillar,123.89,121.15,121.15,0,148.6,0,3122
crew,120.14,104.96,104.96,0,33.12,0,2960
Cyber True Color,94.82,81.98,81.98,0,50.93,0,2414
DORNWALD ～Junge～,144.37,114.84,114.84,0,38.69,0,3806
ECHIDNA,144.55,127.97,127.97,183.75,55.18,0,3550
Egret and Willow,103.49,113.04,113.04,0,63.78,0,2766
elemental bender feat. Kanae Asaba,66.99,37.29,37.29,0,37.81,0,1652
FUZIN RIZIN,152.14,151.43,151.43,0,53.44,0,3858
Go Ahead!!,112.09,115.13,115.13,96.01,57.8,0,2826
GuNGNiR,154.59,123.24,123.24,10.46,90.44,0,4162
HADES,126.71,125.11,125.11,0,112.3,0,3202
HAPPY★RUSH,118.85,114.94,114.94,0,70.9,0,2980
Honey Trap,102.35,100.9,100.9,0,91.18,0,2568
INVISIBLE STRIX,102.09,98.32,98.32,0,65.37,0,2662
Lost wing at.0,99.26,90.59,90.59,60.46,41.29,0,2522
Macuilxochitl,148.56,133.57,133.57,0,29.04,0,3354
Magical,77.26,43.06,43.06,0,23.94,0,2022
Mare Nectaris,163.16,119.5,119.5,0.92,44.91,0,4188
Modular Technology,121.38,84.25,84.25,0,90.88,0,2744
Music is The Answer,85.15,57.6,57.6,0,60.95,0,1954
nostos,97.63,109,109,0,16.22,151.92,2718
OOO,88.25,88.27,88.27,0,23.63,0,2068
OTENAMI Hurricane,132.69,122.83,122.83,8.42,111.35,0,3286
PAPAYAPA BASS,113.3,108,108,0,46.82,0,2856
Piano Samurai,98.7,108.34,108.34,0,72.77,0,2530
Quakes,140.3,118.88,118.88,75.7,84.04,0,3308
RAIN,141.63,119.63,119.63,73.61,16.8,0,3314
Rave Cannon,132.26,128.21,128.21,100.41,74.26,0,3400
Remedy feat. Kanae Asaba,88.5,55.83,55.83,0,27.15,0,2232
RISING FIRE HAWK,115.39,115.61,115.61,0,54.52,0,2744
ROTTERDAM SHOGUN,111.15,109.37,109.37,57.03,83.55,0,2598
SAMURAI-Scramble,93.77,102.84,102.84,0,175.31,0,2464
Sarutobi Champion is 拙者,105.56,81.83,81.83,0,73.37,54.55,2306
SAY BAY,120.35,117.16,117.16,75.06,127.08,0,2910
Seaside Labyrinth,75.64,54.36,54.36,0,25.44,0,1906
Selfish Sweet,75.57,47.52,47.52,0,41.44,0,1754
SEQUENCE CAT,112.7,96.39,96.39,0,24.4,0,2892
shuriken,104.73,101.24,101.24,70.06,33.5,0,2596
SINOBUZ Fantasy,95.32,97.97,97.97,0,62.2,0,2456
Sky High,155.11,152.7,152.7,0,29.66,0,3886
Snakey Kung-fu,132.84,122.61,122.61,175.66,27.64,0,3502
Steel Edge,127.45,130.48,130.48,149.1,41.67,0,3208
Summerlights(IIDX Edition),128.36,119.21,119.21,85.31,58,0,3160
Super Rush,139.02,158.33,158.33,70.75,97.83,0,3582
Surf on the Light,91.87,98.66,98.66,8.28,37.12,101.32,2308
Sweet Clapper,78.83,88.77,88.77,0,33.55,0,1918
The Commanders,96.38,110.96,110.96,0,37.76,0,2454
TOGAKUSHI,110.81,97.08,97.08,176.9,22.85,0,2686
Umbral,77.8,48.57,48.57,0,23.47,0,1932
Venom,126.06,127.85,127.85,0,69.55,0,3248
Vermilion,106.88,71.47,71.47,0,26.88,0,2086
Warrior,98.74,114.38,114.38,18.9,37.2,0,2514
XINOBIKILL,115.92,93.13,93.13,135.99,23.47,0,2950
yamabiko (SINOBUZ Edition),105.34,111.96,111.96,5.77,46.21,0,2690
Yellow Sketch(RX-Ver.S.P.L.),118.14,87.97,87.97,18.43,22.69,0,2958
〆,144.02,159.69,159.69,10.31,114.06,0,3754
ちらちら・はらはら,56.08,52.02,52.02,0,12.57,0,1430
イザナミノナゲキ,136.07,129.56,129.56,102.49,27.46,0,3322
ディッシュウォッシャー◎彡おいわちゃん,110.91,116.12,116.12,0,65.03,0,2560
九尾狐夜行,133.72,134.12,134.12,0,51.24,0,3042
冬椿 ft. Kanae Asaba,91.86,82.88,82.88,0,51.97,0,2292
刃図羅,130.75,126.21,126.21,0,43.65,0,3492
忍恋花,106.14,90.98,90.98,0,32.53,0,2282
恋はどう？モロ◎波動OK☆方程式!!,106.89,110.43,110.43,0,51.21,0,2494
月雪に舞う華のように,76.47,84.75,84.75,32.48,26.23,6.25,2166
次葉 -turn the page-,90.5,76.11,76.11,15.15,30.89,0,2006
津軽雪,147.79,140.56,140.56,24.99,36.92,0,3906
火影,120.96,108.58,108.58,0,165.38,0,2874
焔極OVERKILL,151.35,136.43,136.43,0,122.89,0,3802
獅子霞麗ノ舞,72.05,54.05,54.05,84.04,9,0,1746
禍根,111.95,79.16,79.16,0,20.13,0,2672
童話回廊,140.23,125.1,125.1,0,57.75,0,3184
鴉,113.17,120.41,120.41,0,52.89,0,2712
1001 -ESCAPE-,102.65,111.49,111.49,0,55.79,0,2654
2 Player,102.58,101.46,101.46,60.22,22.38,51.22,2604
255,149.2,143.58,143.58,0,107.5,0,3352
AA -rebuild-,148.7,129.66,129.66,0,14.28,0,3640
Abraxas,98.99,65.45,65.45,36.62,97.63,0,2482
ACCELERATE,97.29,91.69,91.69,0,44.97,0,2522
Alpheratz,82.48,74.29,74.29,0,27.5,0,2098
Amor De Verao,98.18,92.82,92.82,0,58.16,0,2386
ANAGMA,103.85,100.29,100.29,0,50.85,0,2678
ANCHOR,144.69,132.46,132.46,104.35,64.91,0,3670
Antigravity,135.48,119.02,119.02,51.71,76.92,0,3182
Arca,123.23,114.38,114.38,0,31.93,0,3204
Around the Future,101.16,73.71,73.71,0,77.09,0,2658
Back Spin Sweeper,92.06,74.5,74.5,44.37,71.37,0,2312
Battleground,107.93,96.48,96.48,0,61.24,0,2722
Be a Hero!,122.32,99.48,99.48,0,94.05,0,3184
Beast mode,104.84,104.26,104.26,76.06,44.89,0,2790
Best of Me,89.54,78.86,78.86,0,33.57,0,2254
Boomy and The Boost,142.62,149.81,149.81,49.92,111.05,0,3652
Break Stasis,104.94,101.54,101.54,6.09,39,0,2548
ChaserXX,112.77,101.48,101.48,0,48.06,0,2906
Chemical Cookie,101.91,96.27,96.27,0,64.57,0,2162
City Never Sleeps (IIDX Edition),103.97,106.84,106.84,69.73,15.78,0,2688
COSMIC☆WONDER☆REVOLUTION,94.4,104.76,104.76,0,30.82,0,2098
DEADHEAT,143.47,137.05,137.05,0,108.98,0,3442
DEATH†ZIGOQ ～怒りの高速爆走野郎～,176.3,157.73,157.73,19.87,91.26,0,4150
DropZ-Line-,132.66,114.38,114.38,7.03,95.58,139.56,3296
Eine Haube ～聖地の果てにあるもの～,118.37,105.95,105.95,0,25.46,0,2642
EMERALDAS,156.3,158.03,158.03,150.39,104.41,113.62,3666
encounter,132.98,116.24,116.24,0,53.08,0,3358
Exhaust Hype,112.68,116.39,116.39,0,81.74,0,2852
Expanded !!,98.33,102.46,102.46,0,51.94,0,2648
Fervidex,104.1,111.58,111.58,0,17.83,0,2722
FREEDOM,114.87,127.32,127.32,0,100.02,0,2962
From Time To Time,99.92,74.41,74.41,0,0,0,2586
FUTURE is Dead,94.04,91.18,91.18,0,48.8,150.08,2302
Get Up! feat. Kanae Asaba,81.42,54.21,54.21,13.78,26.4,0,1932
HAT TRICK,95.47,90.74,90.74,13.28,69.05,0,2236
Hella Deep,76.64,84.06,84.06,11.25,116.73,29.71,1918
HYPE THE CORE,133.43,129.11,129.11,0,54.95,0,3078
I Love You,110.24,90.67,90.67,4.06,40.71,0,2762
Illusionary Waterlily,143.71,128.92,128.92,21.91,84.2,0,3606
Initiation,156.77,164.53,164.53,130.81,20.39,0,4036
"Life Is A Game ft.DD""ナカタ""Metal",140.01,149.36,149.36,0,54.01,0,3550
LUV DRIVE,86.91,81.91,81.91,34.7,45.35,0,2150
MAXIVCORD,123.45,108.44,108.44,35.48,20.75,0,2512
Midnight Lady,75.27,74.93,74.93,49.7,19.04,0,1958
n'pa pa BBQ,116.58,113.27,113.27,13.43,33.18,0,2816
NITROUS CANNON,143.01,128.08,128.08,0,102.62,0,3750
No Limit 2 dAnce feat. 大山愛未,95.95,90.06,90.06,0,52.04,0,2364
Nothing but Theory,113.94,105.19,105.19,0,45.03,0,2876
O/D*20,90.72,70.27,70.27,3.43,31.47,0,2142
Only for now,91.75,98.33,98.33,0,17.62,0,2276
Papilio ulysses,119.72,74.97,74.97,149.26,139.5,0,2996
Persephone,123.34,123.15,123.15,0,88.17,0,3078
Rampage,130.22,150.14,150.14,18.25,91.19,0,3662
Raspberry Railgun,135.74,129.44,129.44,0,39.4,0,3212
REVOLVER,129.35,108.3,108.3,0,79.81,0,2810
Sleepless days,87.07,71.43,71.43,0,21.73,0,1576
Slipstream,137.09,130.31,130.31,61.4,103.7,0,3644
SPEED DEMON,97.37,71.73,71.73,61.39,102.45,0,2396
STARLIGHT JUNCTION,92.79,79.69,79.69,0,41.15,0,2300
Static State,98.09,89.69,89.69,69.69,47.53,0,2436
Temple of Anubis,100.19,101.85,101.85,28.79,95.51,0,2690
THE CANNONBALLER,127.77,121.81,121.81,0,42.6,0,3496
The Chase,92.48,91.13,91.13,30.92,179.94,0,2296
UMMU,127.36,106.67,106.67,106.13,106.12,0,3174
Usual Days-remix,116.1,101.66,101.66,0,44.65,0,2728
Xperanza,128.6,129.2,129.2,29.84,132.81,0,3274
うさ☆かめ 大戦争！,107.32,104.64,104.64,0,80.26,0,2552
エディブルフラワーの独白,89.68,94.37,94.37,0,15.29,0,2220
シムルグの目醒め,142.13,128.22,128.22,0,89.79,0,3644
ナイトシティー・アヴァンチュール,81.7,68.66,68.66,0,23.87,0,2094
ハイ*ビスカス ft. Kanae Asaba,96.44,68.06,68.06,0,21.65,0,2466
バ→ビ→ブ→Bomb!,106.32,96.41,96.41,44.38,76.63,0,2588
バスルーム ロマンス,100.32,86.57,86.57,0,23.8,0,2456
パラドキシカル・タイムリープトライアル(Short Ver.),125.8,105.45,105.45,0,51.82,0,2832
ラストセンチュリーメランコリック,84.55,64.43,64.43,153.24,56.71,0,2216
共犯ヘヴンズコード,97.9,105.79,105.79,0,46.55,0,2298
命の標本,109.16,108.48,108.48,0,41.58,0,2716
東京神話,126.96,108.77,108.77,0,81.74,0,3010
神謳 -RESONANCE-,154.28,151.61,151.61,0,34.06,0,4094
純真可憐デザイア,91.71,90.32,90.32,0,49.6,0,2344
草原の王女-軌跡を辿って-,103.79,112.56,112.56,0,25.8,0,2344
& Intelligence,130.95,106.65,106.65,37.81,98.77,0,3246
50th Memorial Songs -Beginning Story-,107.03,107.91,107.91,87.57,44.13,0,2756
50th Memorial Songs -Flagship medley-,100.97,111.63,111.63,0,44.51,56.03,2314
50th Memorial Songs -The BEMANI History-,111.77,110.39,110.39,4.84,39.26,0,2696
50th Memorial Songs -二人の時 ～under the cherry blossoms～-,104.49,114.49,114.49,0,29.61,0,2622
Afterimage d'automne,120.38,109.03,109.03,110.16,45.63,0,2960
BLACK JACKAL,99.29,95.34,95.34,40,80.11,0,2366
BLOSSOM,100.3,74.14,74.14,30.46,25.49,0,2580
Carmina,155.51,137.4,137.4,161.98,82.77,0,4000
Carry Me Away,129.56,121.01,121.01,11.06,84.27,0,3226
Catch Our Fire!,150.83,142.4,142.4,0,62.97,0,3770
CODE:0,114.46,101.91,101.91,0,124.29,0,2908
CoMAAAAAAA,98.69,100.87,100.87,0,47.03,0,2416
COSMIC CYBER,132.48,112.38,112.38,0,58.48,0,2938
Cranberry City ft. Luschel,99.43,91.01,91.01,65.41,39.92,0,2468
dAuntl3ss,141.7,123.81,123.81,0,47.68,0,3550
Dr. Chemical & Killing Machine,141.25,116.39,116.39,0,27.23,0,3400
Drastic Dramatic,147.76,131.6,131.6,0,26.83,0,3530
DRUNK MONKY,139.42,112.17,112.17,0,28.48,0,2354
Ember Lights,113.37,107.54,107.54,86.73,28.35,0,2738
EVANESCENT,147.52,122.09,122.09,110.27,57.09,123.54,3690
Garuda,127.17,118.61,118.61,10.36,55.32,0,2646
Geirskogul,87.46,92.34,92.34,33.54,53.67,0,2256
GENE,154.51,149.92,149.92,0,29.41,0,4366
GIGA THRASH,111.78,103.58,103.58,20.76,67.48,0,2800
Glory,94.69,74.47,74.47,0,56.47,0,2370
GO OVER WITH GLARE -ROOTAGE 26-,157.68,179.54,179.54,52.04,52.32,0,4000
HARD BRAIN,146.01,134.93,134.93,91.67,31.11,0,3828
HEISEI,102.76,103.29,103.29,102.35,15.07,0,2582
HOT LIMIT,102.26,84.38,84.38,0,51.18,0,2562
Hurry Hurry,89.85,102.38,102.38,0,34.45,0,2090
IDC feat.REVERBEE (Mo'Cuts Ver),95.07,104.31,104.31,2.81,157,0,2290
IDOL syndrome.,83.67,67.19,67.19,64.27,37.38,0,2218
KILL EACH OTHER,144.63,136.07,136.07,0,74.21,0,3890
L.F.O,131.96,121.36,121.36,1.87,56.43,0,3374
LADYBIRD,111.59,101.91,101.91,10,67.21,0,2516
Let me be your cure,101.36,92.93,92.93,0,18.69,0,2688
Lethal Weapon,132.99,118.74,118.74,2.8,54.75,113.27,3292
Level One,142.64,130.1,130.1,90.62,182.51,0,3714
Lift Us High,95.51,74.51,74.51,0,56.36,0,2494
LOST TECHNOLOGIE,140.54,122.28,122.28,34.05,92.16,0,3644
Macho Monky,127.2,133.61,133.61,2.34,125.4,0,3176
Necroxis Girl,119.32,105.2,105.2,101.19,65.15,0,2882
"Next Tales 2 Oath (IIDX 20th Anniv ""Ring"" Theme)",113.32,97.29,97.29,1.4,42.26,0,2774
Night! Night! Night!,124.13,115.67,115.67,0,93.96,0,3080
ONIGOROSHI,125.27,117.42,117.42,108.45,102.82,0,3082
OVER TIME,68.91,54.19,54.19,0,12.89,0,1558
Painful Fate,129.61,122.67,122.67,159.76,22.19,0,3404
Playing With Fire,112.03,102.54,102.54,67.68,74.81,0,2400
Please Welcome Mr.C,131.2,131.4,131.4,19.21,106.51,0,3044
Psycho Sheep Riddim,69.64,55.78,55.78,62.56,44.65,0,1682
Red. by Jack Trance,150.25,165.52,165.52,1.87,185.74,0,3724
REPLAY,85.29,66.66,66.66,0,11.98,0,2282
ROCK女 feat. 大山愛未， Ken,117.4,90.97,90.97,127.9,44.08,0,2872
ruin of opals,134.16,106.97,106.97,68.42,22.56,187.3,3292
R∞tAge,112.31,118.82,118.82,0,70.23,0,3006
Serious?,98.56,102.86,102.86,0,124.57,0,2284
SPEED ROCKER,101.61,69.77,69.77,32.77,23.3,0,2350
Technicolour Dreams,109.83,112.63,112.63,40,29.95,0,2404
The Best of Both Worlds,91.09,58.06,58.06,102.33,40,0,2256
THE DAY OF JUBILATIONS,149.33,135.97,135.97,134.44,78.62,0,3514
The Rebellion of Sequencer,145.24,127.74,127.74,25.32,97.13,0,3268
The Sealer ～ア・ミリアとミリアの民～,85.73,100.15,100.15,0,30.75,41.99,2234
toy boxer,102.46,89.61,89.61,0,17.29,0,2244
ToyCube Pf.(RX-Ver.S.P.L.),91.33,99.82,99.82,0,32.89,40.48,2306
Trill auf G,133.61,127.14,127.14,0,26.23,0,3340
Twilight Warp,85.54,68.75,68.75,0,34.52,0,2166
U.S.A.,116.57,116.27,116.27,2.96,53.25,0,2934
Unbelief,130.11,121.29,121.29,177.59,31.12,0,3350
UNDERWORLD HOLOGRAPHY,125.88,119.75,119.75,0,35.61,0,3296
Urban Constellations,96.5,81.67,81.67,142.34,31.92,0,2334
Visterhv,149,144.98,144.98,139.43,27.29,0,3738
voltississimo,158.31,154.31,154.31,91.71,77.66,0,3776
Wing of Hearts,108.19,121.68,121.68,23.9,54.58,0,2946
Wolf 1061,123.01,107.21,107.21,170.04,16.39,0,3168
Won(*3*)Chu KissMe!,105.83,104.79,104.79,0,40.9,0,2526
Wonderland,112.6,108.61,108.61,0,55.95,0,2786
X-DEN,176.46,164.83,164.83,20.32,117.55,0,4440
XENON II ～TOMOYUKIの野望～,130.97,103.85,103.85,59.38,34.46,0,3046
Xlo,159.7,127.93,127.93,0,104.9,0,3976
Yum Yum Jelly,105.4,88.64,88.64,106.85,43.99,0,2408
ZENDEGI DANCE,113.8,112.25,112.25,0,23.21,0,2786
おーまい！らぶりー！すうぃーてぃ！だーりん！,118.13,102.6,102.6,0,53.5,0,2960
お菓子の王国,160.28,144.61,144.61,0,31.04,0,4218
グラナダの風,88.1,54.24,54.24,0,39.69,0,1908
サクラあっぱれーしょん,98.06,90.9,90.9,0,27.58,0,2332
セカンドピアス,80.58,94.02,94.02,0,30.65,0,2030
ハードベース・フェスタ,115.28,114.07,114.07,0,83.59,0,2894
ミストレス・アンに花束を,66,58.32,58.32,0,16.74,0,1436
ミッドナイト☆WAR,108.59,94.76,94.76,81.54,48.31,0,2522
夏の匂い。キミの残像。 ft. Kanae Asaba,97.37,108.04,108.04,0,28.24,0,2562
抱きしめてモナムール,154.4,150.38,150.38,32.64,58.15,0,4220
最小三倍完全数,118.09,111.7,111.7,1.56,68.75,0,2628
泰東ノ翠霞,69.28,53.55,53.55,0,46.94,0,1828
深愛のリグレット,92.74,91.96,91.96,27.89,42.58,0,2412
爆ゼニ☆がってんワーカー,110.8,109.65,109.65,0,34.82,0,2782
花冠 feat.Aikapin,106.67,104.88,104.88,0,161.62,57.3,2730
金野火織の金色提言,132.96,123.52,123.52,23.44,87.36,0,3260
龍王の霊廟(Mausoleum Of The Primal Dragon),123.71,107.39,107.39,49.12,12.84,0,3228
27th style,103.38,99.51,99.51,0,145.16,0,2598
Advent Infamous,117.22,113.96,113.96,69.6,65.78,0,2908
AKASHIC BREAK,151.12,158.84,158.84,0,101.92,0,3646
And-RoiD,91.32,98.98,98.98,2.03,14.52,0,2016
Artist,153.64,127.11,127.11,68.9,67.07,0,3740
Backyard Stars,93.83,61.34,61.34,0,29.6,0,2310
BEAT PRISONER,155.56,152.55,152.55,182.04,79.96,0,3688
beatAffection,97.27,97.63,97.63,31.62,32.23,0,2682
Beautiful Harmony (IIDX Mix),92.85,81.35,81.35,0,21.17,0,2492
Bow shock!!,121.33,110.98,110.98,0,40.64,0,3132
Calvados Queen,96.45,107.71,107.71,5.62,27.65,0,2484
Change Yourself,105.92,75.77,75.77,53.91,58.12,0,2576
Crank It,100.33,116.6,116.6,0,27.39,0,2456
Dans la nuit de l'eternite,142.52,146.02,146.02,0,74.33,0,3660
Do What You Want,97.28,91.16,91.16,61.56,63.49,0,2054
Double Dribble,133.7,138.45,138.45,0,151.27,0,3366
Drop It,116.68,76.08,76.08,18.45,90.45,0,2838
EROICA,164.33,124.33,124.33,129.16,33.5,0,4080
Everlasting Message,159.05,139.31,139.31,178.03,74.19,0,3940
fairy cocktail,67.71,38.45,38.45,49.9,17.27,0,1656
Fly Above (Vicissitude Remix),100.26,99.44,99.44,0,37.13,0,2400
Forgetting Machine,82.81,44.99,44.99,79.48,19.46,0,1736
Friction[!]Function,129.2,117.06,117.06,26.71,107.87,0,3268
GHOST,116.53,107.35,107.35,0,65.96,88.38,2806
GIGA VIOLATE,114.11,105.14,105.14,30.46,68.09,0,2784
Hold My Hand,99.29,109.34,109.34,0,41.77,0,2494
Horizons of Promise,105.66,115.84,115.84,18.75,56.49,0,2644
Hyper Drive feat. ぷにぷに電機,81.69,54.22,54.22,0,10.71,0,2000
If,86.48,68.24,68.24,59.22,26.94,0,1918
Inferno of Fomalhaut,135.37,114.07,114.07,109.26,110.68,0,3402
Infinity Mirror,89.08,59.66,59.66,154.27,0,0,2328
Into The Madness,107.14,102.93,102.93,30.93,77.7,0,2572
Jetcoaster Windy,91.04,76.83,76.83,0,56.23,0,2312
LASER CRUSTER (IGNITE REMIX),142.47,128.88,128.88,33.81,118.02,0,3648
Level 2,118.41,113.06,113.06,25.92,161.96,0,2976
LIGHTNING STRIKES,139.51,125.72,125.72,26.57,51.47,0,3278
Like+it!,118.65,96.63,96.63,0,80.88,0,2394
Lords Of The Roundtable,125.96,130.61,130.61,104.76,192.04,0,3172
Lost Souls,111.2,77.93,77.93,0,43.91,0,2472
Matt Silver,135.75,114.84,114.84,0,37.07,0,3414
Megalara Garuda,126.06,120.06,120.06,120.26,23.8,0,3086
Mel,87.04,77.62,77.62,4.36,17.48,0,2176
Moving on,121.83,105.9,105.9,0,41.99,0,3002
Nasty Techniques,102.48,102.16,102.16,89.4,42.96,0,2676
NEWALONE,84.22,81.76,81.76,34.46,30.31,0,2024
NRG STAR '86 feat. 大山愛未,106.7,115.09,115.09,0,37.33,0,2666
ORCA,145.71,138.31,138.31,3.43,76.29,0,3590
OUTER PLANETS,88.6,73.12,73.12,152.98,38.74,0,2200
Override,118.16,107.91,107.91,0,62.03,0,2942
PHASE SHIFT MANEUVER,113.36,102.76,102.76,71.71,41.66,0,2894
Primitive Vibes,126.09,122.49,122.49,7.33,71.07,0,3128
Queen Kaguya,106.53,90.5,90.5,93.9,50.77,0,2660
Rainstorm,91.03,75.38,75.38,0,26.04,0,2292
Rave Patroller,132.49,129.61,129.61,0,46.42,0,3410
rough percussionythm,100.62,85.9,85.9,110.96,150.14,0,2590
S!ck (Nhato Remix),105.72,70.7,70.7,110.1,33.11,0,2558
SCREW // owo // SCREW,128.03,126.08,126.08,6.87,151.61,0,3134
Shiva,96.35,61.12,61.12,40.15,64.7,0,2170
Silly Love,86.26,74.18,74.18,18.89,17.17,70.99,2122
Ska-sh All Neurons!!,92.53,90.3,90.3,8.12,41.27,0,2352
Smashing Wedge,158.98,158.32,158.32,0.93,103.19,0,3914
Sparkle Smilin',106.9,103.03,103.03,85.63,35.71,0,2486
STOIC HYPOTHESIS,114.44,95.28,95.28,0,49.73,0,2884
Sugar Drippin',87.98,75.42,75.42,0,26.98,0,2138
T-REX vs Velociraptor (In the Far east euphoria),136.39,120.76,120.76,8.74,47.38,0,3272
take me higher,86.63,79.35,79.35,38.12,45.39,0,2030
TECHNO Style Essentials,125.22,121.22,121.22,96.78,74.08,0,2906
THE BRAVE MUST DIE,156.98,163.81,163.81,93.94,46.89,0,4150
THE F∀UST,146.08,134.8,134.8,111.68,44.83,0,3702
The Sky of Sadness,105.78,103.27,103.27,0,17.76,0,2432
Theory,103.77,92.7,92.7,0,155.5,163.08,2684
TRIUMPH,142.42,141.92,141.92,156.2,137.17,0,3448
UNITE THE HEART,124.18,119.45,119.45,0,54.51,0,3352
VALKYRIAS -英雄誕生-,107.39,115.08,115.08,0,67.18,0,2772
VIBRΛ,76.02,70.18,70.18,38.75,54.73,0,1882
Vinculum stellarum,131.64,131.2,131.2,23.44,18.94,0,3746
Virus Funk,90.05,94.51,94.51,116.03,61.56,0,2238
Volcanic Dragon,116.17,122.76,122.76,26.56,93.98,0,2990
Voo Doo Bamboleo,96.75,105.86,105.86,0,65.91,0,2524
Ypsilon,119.02,96.83,96.83,0,34.29,0,2932
がっつり陰キャ!? 怪盗いいんちょの億劫^^;,179.48,170.9,170.9,0,103.8,0,4384
ガヴリールドロップキック,111.19,110.89,110.89,43.52,78.51,131.42,2724
シャムシールの舞,109.01,126.06,126.06,0,25.16,102.45,2588
セピアの軌跡 ft. 天宮みや(少女フラクタル),93.71,96.49,96.49,2.81,27.18,0,2410
バッドエンド・シンドローム,113.32,126.92,126.92,0,16.54,0,2994
ピアノ協奏曲第1番”蠍火” (BlackY Remix),141.44,145.18,145.18,114.06,32.11,0,3852
ラブキラ☆スプラッシュ,101.5,109.63,109.63,0,46.69,0,2534
ランカーキラーガール,117.88,116.7,116.7,20.62,41.23,0,2958
俺ら東京さ行ぐだ,85.36,82.35,82.35,0,107.34,39.59,2022
曼荼羅恋々,110.4,104.44,104.44,0,53.16,0,2784
深淵に捧ぐレクイエム,127.76,115.82,115.82,188.09,15.74,0,3074
灼熱Beach Side Bunny (Masayoshi Iimori Remix),78.57,68.66,68.66,6.56,163.76,0,1866
狂水一華,111.24,92.34,92.34,15,65.66,0,2740
眠りの国のステラ,110.94,95.47,95.47,99.22,45.25,0,2786
華麗なる大犬円舞曲,141.82,132.33,132.33,0,59.24,135.75,3698
錬成人間トリコロイダー,133.18,146.81,146.81,0,72.18,0,3226
開きたまえ！Next stAge！,114.92,104.14,104.14,0,99.58,0,2926
魅惑のYUMMYスイーツ,129.59,116.38,116.38,128.07,86.31,0,3172
-65℃,152.87,140.36,140.36,120.02,39.61,0,3824
3!dolon Forc3,124.81,118.36,118.36,0,107.22,105.86,3026
ABSOLUTE (kors k Remix),101.53,93.68,93.68,156.91,49.29,0,2672
Ah Hah Yeah,100.09,104.22,104.22,0,87.53,116.72,2216
AMRITA -不滅ノ花-,111.28,102.44,102.44,15.15,53.35,0,2796
apo:llioth,111.26,112.74,112.74,0,100.06,0,2996
As You Want,102.39,94.41,94.41,39.92,49.67,0,2492
ASIAN VIRTUAL REALITIES (MELTING TOGETHER IN DAZZLING DARKNESS),147.05,119.21,119.21,103.07,106.23,0,3504
BEMANI PRO LEAGUE Theme,80.18,73.5,73.5,0,25.81,0,1992
BIGソムタム,135.73,143.49,143.49,151.82,85.54,0,3376
Brahma,119.39,115.63,115.63,0,43.08,0,2908
Breakin' Rules,107.72,82.02,82.02,0,29.23,0,2792
BLACK or WHITE?,161.62,145.58,145.58,112.47,31.62,0,4026
Burning Flame,122.41,108.12,108.12,0,96.47,0,2940
Chewingood!!!,108.74,106.34,106.34,0,48.73,0,2634
CONNECT-,124.49,109.57,109.57,0,37.3,0,2966
COSMIC RAY,143.1,97.07,97.07,119.44,77.39,0,3018
Crazy Jackpot,121.06,99.14,99.14,0,81.68,0,2894
Danza Aestas,121.27,101.17,101.17,0,26.17,0,3038
Dawn Saga,110.78,93,93,115.95,29.87,0,2756
DENIM,110.41,72.75,72.75,0,26.42,0,1766
Don't Stop The Music feat. Kanae Asaba,77.12,54.95,54.95,0,36.9,0,1888
DUAL STRIKER,154.2,148.8,148.8,45.46,51.04,0,3920
Empire of Fury,140.25,135.1,135.1,0,103.03,0,3400
Euphoric Lagoon,103.7,104.51,104.51,0,19,0,2624
Explorer feat. ぷにぷに電機,86.5,67.33,67.33,0,29.7,0,2164
Farewell to Marrakech,89.64,50.44,50.44,0,15.73,0,2324
Fire Beat,111.98,91.81,91.81,1.87,42.78,64.16,2784
Frisk And Squeak,100.32,81.4,81.4,0,99.4,0,2456
GIGA RAID,98.53,100.29,100.29,106.43,51.69,0,2444
Globe Glitter,113.04,99.21,99.21,0,54.74,0,2738
"Hands Up feat. kradness BEMANI Sound Team ""Sota Fujimori"" Remix",101.04,100.37,100.37,0,29.86,0,2416
Here We Are,94.99,111.1,111.1,35.01,56.52,0,2498
HIGH VOLTAGE,89.72,79.83,79.83,72.18,55.79,0,2296
Ignis†Irae,151.02,126.34,126.34,162.6,101.95,47.93,3940
IIDX RED Ending (Ryu☆Remix),79.18,71.61,71.61,108.29,21.52,0,1876
innocent revolver,156.08,140.31,140.31,0,46.89,0,3980
Jungle Eater,121.31,119.62,119.62,0,99.04,0,3034
LAST DAY,125.91,108.32,108.32,0,50.28,0,3102
Level 3,149.8,132.54,132.54,14.99,179.8,0,3688
LIKE A VAMPIRE,109.27,112.94,112.94,0,41.07,0,2830
LOCUS OF THE TRAVEL,152.62,133.82,133.82,176.03,151.33,0,3840
Lovely Howdy Cowboy!!,116.08,112.59,112.59,41.25,101.71,0,2810
Mars beach,90.94,61.31,61.31,0,33.46,0,2258
MA・TSU・RI,111.97,108.42,108.42,10,72.68,0,2604
MEGAERA,143.46,145.21,145.21,22.63,57.21,0,3580
Midnight Drive,82.13,63.65,63.65,0,149.89,81.61,2032
MOVE! (We Keep It Movin'),88.29,77.89,77.89,47.18,48.63,0,2222
Neo Heritage,117.23,111.04,111.04,0,89.87,0,2908
Ocean Blue feat. Luschel,98.24,102.54,102.54,0,47.76,0,2488
of the first magnitude,114.71,111.04,111.04,176.59,15.01,0,3006
OTOKOZAKA,114.18,82.2,82.2,0,31.93,0,2970
Overslept,107.47,100.64,100.64,0,32.52,0,2600
Para siempre,113.09,123.07,123.07,82.5,80.64,0,2922
Party Starter,93.17,97.77,97.77,0,24.37,0,2340
Parvati,119.28,100.72,100.72,0,52.13,0,2934
Playball,52.84,41.98,41.98,0,0,0,1386
POLKAMANIA,123.13,96.39,96.39,8.43,107.64,0,3014
Rejection Girl,107.98,98.99,98.99,140.81,61.67,0,2704
Ritual of Anubis,121.29,119.03,119.03,0,110.54,0,2844
Romanticが止まらない,120.61,121.15,121.15,0,34.07,0,2734
rommmo,143.95,150.86,150.86,0,66.06,0,3524
Rosa azuL,122.06,103.83,103.83,0,75.94,0,2834
Rowdy,103.65,103.39,103.39,98.75,84.17,0,2512
Rub-a Dub-a,93.22,99.91,99.91,12.67,74.56,0,2204
Rubrum Piano,118.69,103.17,103.17,0,46.23,0,2506
S-Bahn,93.15,81.16,81.16,0,8.07,0,2184
Scandal,107.7,107.4,107.4,152.23,21.8,20.23,2952
Sinus Iridum,141.77,118.31,118.31,192.44,18.89,150.87,3606
smooooch・∀・ (Snail's House Remix),91.77,71.17,71.17,57.96,35.86,0,2386
SOLID STATE SQUAD -RISEN RELIC REMIX-,128.17,123.59,123.59,124.46,43.61,0,3340
So Punky,104.48,114.09,114.09,0,40.49,0,2594
Sugarplum,102.15,114.73,114.73,0,27.07,0,2530
Swarm Of Scarabs,108.92,100.56,100.56,60.01,111.56,0,2424
Tell me what you wish feat.らっぷびと,105.38,93.41,93.41,0,16.03,0,2872
That Feeling,79.5,42.15,42.15,63.59,35.11,0,1946
THE PEERLESS UNDER HEAVEN,146.8,128.04,128.04,0.45,167.95,0,3636
The Wind of China Express(The 4th Mashup),104.83,114.3,114.3,0,39.28,0,2566
Tiempo Loco,147.39,127.38,127.38,123.25,55.85,0,3768
Viridian,139.75,129.97,129.97,0,40.12,0,3400
Vitrum,146.95,122.25,122.25,115.48,66.04,0,3696
WAKE UP NOW,80.22,56.29,56.29,0,18.55,0,2016
When I Met U,91.32,77.45,77.45,0,20.61,0,2066
Winner's Proof ft. KANASA from bless4,92.27,79.14,79.14,60.78,66.13,0,2236
X-ray binary,114.25,102.75,102.75,0,20.54,0,2834
Zenith,83.96,48.58,48.58,170.03,14.11,0,2256
∀,148.89,142.69,142.69,13.58,61.99,0,3604
ここからよろしく大作戦143,95.97,96.44,96.44,0,39.27,0,2528
スーパー戦湯ババンバーン,135.42,129.4,129.4,0,82.64,0,3510
ディスコルディア,165.72,151.02,151.02,187.2,47.85,100.14,4146
バッド・スイーツ、バッド・ドリーム,145.8,151.28,151.28,124.5,153.14,0,3724
世界の果てに約束の凱歌を -ReUnion-,155.66,164.39,164.39,53.98,52.65,0,3966
乱膳の舞姫,115.61,91.77,91.77,138.3,31.69,0,2764
二人ノ廃城幽踊宴,153.16,126.82,126.82,0,51.55,151.42,3854
伐折羅-vajra-,152.42,133.71,133.71,0,60.36,0,3754
儚き恋の華,125.31,121.12,121.12,0,87.38,0,3030
新宝島,99.92,73.82,73.82,124.83,19.02,0,2372
水無月の雫 ft. 小林まな,105.37,102.47,102.47,0,35.67,0,2626
水鏡の異界,137.34,107.81,107.81,165.62,121.79,0,3322
涙のテ・エストラーニョ・ムーチョ,113.15,103.11,103.11,105.45,41.15,0,2844
無意識のフィロソフィア,124.93,111.09,111.09,0,27.59,0,3364
犬に雨傘,82.19,83.29,83.29,36.09,20.72,0,2138
閠槞彁の願い,127.53,119.4,119.4,143.6,52.41,0,3226
紅蓮華,79.72,63.83,63.83,0,30.27,0,1496
霧幻メモリア,87.32,91.74,91.74,59.9,26.04,0,2052
魔法のかくれんぼ,119.05,106.06,106.06,165.58,10.14,128.64,2908
10000 MILES AWAY,118.08,118.91,118.91,158.3,100.78,0,2988
2 Beasts Unchained,149.72,126.83,126.83,101.1,133.53,0,3560
808monkey,77.43,63,63,0,29.62,0,1828
ABSOLUTE EVIL,139.67,137.36,137.36,148.76,93.87,0,3556
Aftermath,134.55,136.77,136.77,161.89,47.72,0,3656
ALTERNATOR,153.27,157.52,157.52,100,117.86,0,3814
AMICABLE,104.24,115.32,115.32,72.38,72.39,0,2518
ANEMONE,89.39,83.81,83.81,20.28,15.23,0,2138
Angel's Ladder,140.72,124.08,124.08,0,78.02,0,3600
Ariah,87.08,79.04,79.04,0,11.64,0,2180
Arkadia,152.15,121.99,121.99,0,56.83,0,3746
Banger Banger Banger Banger,123.61,108.77,108.77,0,88.44,0,2994
Binary Black Hole,155.12,141.27,141.27,153.4,50.89,0,4000
Blue Bird feat. Kanae Asaba,71.39,63.41,63.41,0,39.88,0,1800
Brave Spirits,102.12,92.61,92.61,78.28,27.96,0,2500
DISPARATE,110.39,92.82,92.82,0,100.55,0,2486
Divine Heaven,116.57,118.95,118.95,107.56,34.47,0,3006
Don't believe the hype,127.04,138.93,138.93,165.83,166.41,0,3332
DREAM OF SPACE UFO ABDUCTION,109.67,99.01,99.01,0,15.73,0,2742
Emera,107.7,109.77,109.77,24.74,77.87,0,2358
EMOTiON TRiPPER,94.13,100.34,100.34,43.4,39.35,0,2196
Ergosphere,126.27,109.8,109.8,145.36,16.53,0,2782
Fantastic Merry-Go-Round,82.75,82.59,82.59,43.6,48.29,0,2122
Fegrix,134,108.78,108.78,0,95.48,0,3374
FINALLY BLAZE,109.82,81.06,81.06,29.12,69.66,0,2848
Flying Castle,146.22,129.3,129.3,70.01,86.27,0,3754
Game Changers,109.78,112.26,112.26,0,113.24,48.28,2790
Get set， Go! feat.Kanae Asaba,86.7,79.25,79.25,0,39.58,0,2138
GiGaGaHell,138.93,118.92,118.92,0,112.03,0,3374
GRAVITON,144.74,124.84,124.84,0,32.31,0,3524
hard-wired,150.94,146.7,146.7,65.25,111.19,0,3802
Harmonia,104.64,86.9,86.9,0,41.39,0,2026
Hat Surprise,109.31,106.42,106.42,0,49.69,0,2468
HEARTACHE,76.83,67.73,67.73,6.87,109.78,0,1860
ILAYZA,124.98,86.3,86.3,89.43,22.23,0,2866
kors k's How to make OTOGE CORE,90.29,113.46,113.46,11.09,40.13,119.18,2360
Lawes's Parotia,108.82,106.53,106.53,0,45.34,0,2588
Legendary Treasures,119.85,130.58,130.58,60.4,25.88,0,2900
LIVE DRIVING!! feat. 花たん,151.09,168.72,168.72,0,84.82,0,3894
N.O.,98.66,59.45,59.45,25.21,31.08,0,2544
n/a,151.22,141.18,141.18,99.34,84.99,165.51,3734
No Day But Today!,97.26,83.59,83.59,25.15,53.85,0,2000
Nocturnal 2097,120.06,106.84,106.84,147.92,32.53,0,2958
Non Stop Rock,80.58,79.94,79.94,50.31,113.27,0,1904
One for All,128.72,142.84,142.84,7.34,104.68,0,3264
Onyx,106.54,100.41,100.41,100.23,23.01,132.88,2428
P.O.W.E.R.,96.89,82.66,82.66,0,80.35,0,2372
PIRATES BLADE,90.01,102.91,102.91,0,58.47,0,2176
PLASMA SOUL NIGHT feat. Nana Takahashi / 709sec.,175.17,183.47,183.47,0,98.06,0,4542
Pout,110.19,113.36,113.36,101.05,35.35,0,2634
Prohibited Props,96.84,80.53,80.53,0,55.6,0,2284
Purple Perplex,127.23,123.59,123.59,120.99,140.01,0,3156
Push on Beats!～音ゲの国のeX-ストリーマー～,145.26,131.6,131.6,0,102.77,91.12,3496
RAGE feat.H14 of LEONAIR,151.33,154.67,154.67,72.51,185.19,0,3772
Silver Bullet,133.4,106.93,106.93,0,33.91,188.86,3324
Skreaming for Salvation,131.78,127.5,127.5,9.82,162.68,0,3250
Smalt #28598F,138.64,121.68,121.68,0,90.76,0,3450
SOLID WYVERN,118.21,102.05,102.05,0,54.28,0,2666
Souhait bleu,115.72,99.73,99.73,170.56,39.54,0,2814
SPARK IN THE NIGHT,89.41,66.4,66.4,2.96,48.76,0,2298
Stepper,98.76,85.17,85.17,7.5,32.57,0,2210
Tail Lights,120.55,116.22,116.22,0,8.3,0,3178
TOMAHAWK,146.11,148.58,148.58,40.25,156.22,0,3660
Triple Cross,136.2,126.79,126.79,171.11,35.71,0,3334
Ventriloquist,103.07,107.74,107.74,0,41.45,0,2464
Victory Of Ravers,112.61,119.01,119.01,24.64,112.3,0,2602
Votania Beat,111.54,110.35,110.35,0,67.09,0,2568
VR - Virtual Reality (prod.by Snail's House),78.6,41.16,41.16,0,22.45,0,1836
WHA,157.38,128.63,128.63,96.41,162.57,0,3892
Wonderful Escape,84.42,67.18,67.18,0,29.23,0,2104
Xyndrome,122.76,130.84,130.84,81.01,100.64,0,2990
《GRANDMASTER》,122.88,96.54,96.54,44.65,57.14,0,3008
あいつら全員同窓会,105.07,96.94,96.94,0,25.23,0,2062
めでてえ,106.48,110.62,110.62,0,108.07,0,2672
アクマフカ,95.43,79.17,79.17,75.94,30.95,0,2336
ウツシミウツシ,126.7,120.78,120.78,0,38.19,0,3190
オドループ,97.13,105.74,105.74,0,16.86,0,2350
オールトの雲,105.63,102.86,102.86,66.86,26.51,0,2670
グッバイ宣言,125.73,133.7,133.7,0,51.78,0,3114
シル・ヴ・プレジデント,93.88,80.92,80.92,0,33.4,0,1802
デモーニッシュ,110.47,106.4,106.4,0,16.7,74.97,2410
ナイトフィクション,93.99,84.56,84.56,0,27.72,0,2174
ハイテックトキオ,111.01,79.46,79.46,67.29,103.79,0,2734
"ピアノ独奏無言歌 ""灰燼""",134.86,124.9,124.9,0,0,195.35,3954
ミュージック・アワー,121.65,129.35,129.35,0.45,93.53,0,3032
ぐだふわエブリデー,126.58,100.54,100.54,0,27.61,0,2338
口カラ凸ゲキ,99.43,59.62,59.62,35.93,75,0,2434
天邪鬼,139.22,131.8,131.8,7.65,56.91,0,3386
怪物,96.18,103.35,103.35,0,22.09,0,2410
愛しくてラヴィンユー ft. マナ,93.84,79.35,79.35,0,31.67,0,2418
月とミルク,113.2,106.45,106.45,0,13.55,0,2800
烽火連天の刃,140.27,119.74,119.74,184.94,57.7,0,3542
禊,131.6,113.21,113.21,156.69,57.61,0,3262
踊,75.03,61.28,61.28,0,51.46,0,1636
逆月,156.75,168.09,168.09,118.96,52.97,0,3840
雪上断火,117.72,130.67,130.67,0,175.89,63.56,3088
青の洞窟,119.14,97.59,97.59,0,28.75,0,3200
黒紅掬い,74.83,79.69,79.69,0,33.33,0,1832
#CMFLG,140.09,122.15,122.15,6.08,61.31,0,3496
24h Endurance Race,135.76,107.84,107.84,55.46,51.64,0,3486
3V0,120.59,119.8,119.8,3.75,105.64,0,3060
7 Colors,95.1,69.19,69.19,0,14.99,0,1940
[ ]DENTITY,153.36,135.84,135.84,0.93,41.91,0,4000
Always We Trust In You,134.17,127.52,127.52,54.07,81.22,0,3250
Ambush Ace,126.71,114.16,114.16,69.09,21.65,0,2984
anthracene,137.57,130.73,130.73,77.18,88.5,0,3488
AWA AWA,88.9,76.38,76.38,84.79,12.74,51.56,2338
B.O.D.Y.,148.27,126.95,126.95,110.03,89.09,0,3468
Bad Encryption,138.96,137.98,137.98,28.43,113.64,0,3266
Beyond Evolution,168.81,154.01,154.01,173.95,90.09,0,4432
BIGWAVERS,138.14,141.88,141.88,99.55,80.69,0,3592
C-C-C-N-N-N,118.68,123.25,123.25,0,109.19,32.21,2868
Caldwell 99,102.74,81.95,81.95,73.35,62.53,0,2586
Chaotoxin,136.46,127.57,127.57,0,66.48,0,3410
CODE -CRiMSON-,121.67,108.58,108.58,5,81.86,0,3032
CUE CUE RESCUE,117.64,107.53,107.53,0,40.91,0,2556
DIAMOND JACKAL,114.22,111.69,111.69,0,79.22,85.19,2626
dica dica,131.93,93.86,93.86,0,119.03,0,3276
Dreaming Dream,91.43,110.19,110.19,0,27.97,0,2286
Driver,76.66,66.95,66.95,0,85.07,0,1812
EXODUS SIGN,110.49,107.25,107.25,22.5,119.37,0,2732
EZ DO DANCE,82.15,65.84,65.84,0,34.39,0,1984
Fading Stars,109.46,98.91,98.91,0,45.5,0,2734
FLARE -炎舞- ft.Nana Takahashi,106.69,106.37,106.37,13.13,41.14,0,2910
Get On Your Feet,112.34,102.77,102.77,103.13,50.27,0,2768
GET UP AGAIN,104.82,101.28,101.28,74.52,47.96,0,2452
glacia,125.62,115.61,115.61,125.2,48.45,0,2984
Hat Surprise (Season 2),144.46,131.1,131.1,0,80.36,0,3458
I,153.2,137.36,137.36,109.83,57.56,0,3802
KING,115.73,120.93,120.93,0,59.73,0,3106
kors k's How to make OTOGE CORE 「LONG」,141.75,139.69,139.69,86.62,105.06,0,3726
LADS,93.13,103.01,103.01,0,45.82,0,2310
Level 4,150.49,136.29,136.29,12.03,193.48,0,3766
LOUDER ROLLING THUNDER,147.64,132.08,132.08,58.58,105.94,0,3534
Luna Plena,107.56,110.91,110.91,0,47.29,0,2618
mathematical good-bye,115.33,107.57,107.57,0,35.91,0,2854
MAX 360,130.8,118.14,118.14,52.64,36.69,64.69,3220
Meissa,125.16,106.48,106.48,42.5,21.6,90.05,2870
Move UR Body,110.63,104.63,104.63,39.96,51.62,0,2654
Next Level,91.98,88.22,88.22,85.28,60.31,0,2200
No Border,145.14,140.73,140.73,0,20.64,0,3790
ONE AND ONLY,125.6,113.58,113.58,0,107.78,0,3278
Ou Legends,137.1,120.23,120.23,136.07,48.56,0,3374
OVER VOLTAGE,101.38,85.88,85.88,27.81,115.73,0,2664
Peaktime Booster,135.87,110.09,110.09,0,169.86,0,3326
Peng-Ging Sky High!!,111.45,107.55,107.55,0,43.16,0,2672
Perfect Plan,99.27,89.28,89.28,144.58,33.22,0,2656
Programmed Genom,95.36,80.31,80.31,0,52.09,0,2428
Red Soul,120.71,114.88,114.88,0,129.93,0,2988
Rewind Time,89.66,79.75,79.75,0,54.29,0,2214
RINNE,140.58,146.28,146.28,0,71.02,0,3576
Ruler or Loser,109.39,103.74,103.74,29.14,32.14,0,2678
Seraph,101.31,105.36,105.36,44.06,18.04,0,2454
Shadow World,105.96,112.39,112.39,0,21.42,0,2738
Shamshir,93.18,70.46,70.46,18.12,154.08,0,2264
Somnidiscotheque,143.88,105.46,105.46,165.71,63.72,0,3552
STAR BEAT,103.1,102.79,102.79,72.36,76.94,0,2460
STRAIGHT TO THE STARS,121.51,110.67,110.67,0,42.32,0,3012
Stylus,126.05,104.72,104.72,0,50.38,0,2880
Summerblue,94.78,76.5,76.5,22.81,25.78,0,2464
Sunny Day Vibes,98.9,101.42,101.42,160,32.58,0,2300
Super Freak,137.79,118.01,118.01,0,54.38,0,3508
suspicions,160.41,149.32,149.32,0,26.37,0,3816
Swing My Wonderland,121.14,119.95,119.95,0,55.65,0,3140
TECHNOPHOBIA,139.95,115.42,115.42,0,46.88,0,3088
The Clown of 24stairs,165.92,134.59,134.59,0,63.67,0,3576
THE TIME MACHINE,111,86.71,86.71,2.03,56.91,0,2700
VOLAQUAS,151.86,149.23,149.23,18.59,55.83,0,3964
VOLCANIC BIGBEAT,114.86,112.71,112.71,0,149.51,0,2888
VØID,142.83,130.51,130.51,115.1,104.42,180.14,3424
"wanna be a ""BAD GIRL"" feat. Nana Takahashi",82.9,73.55,73.55,0,27.01,0,2058
With You,104.48,111.11,111.11,0,131.09,0,2592
Xerulean,154.15,137.33,137.33,54.53,132.25,0,3604
ZEИITH,129.16,117.07,117.07,0,95.28,0,3062
≡+≡,123.52,127.64,127.64,0,33.74,0,3040
■□模様,106.97,101.05,101.05,30.14,45.46,0,2674
《ORDERBREAKER》,102.7,83.85,83.85,167.53,59.53,0,2514
あるビー！ feat.ころねぽち,117.05,110.37,110.37,77.5,77.84,0,2914
いつかオトナになれるといいね。,118.95,117.26,117.26,0,27.89,0,3044
おとせサンダー,104.2,101.85,101.85,0,44.65,0,2176
きゅんです。,106.7,112.68,112.68,0,29.05,0,2354
サヨナラ・ヘヴン-Celtic Chip Dance Mix-,110.17,113.24,113.24,15.07,32.86,0,2638
ぞうしょく！？マイデンティティ,154.23,137.38,137.38,6.71,65.59,0,3702
ちょえちょえまぎか,124.91,115.53,115.53,0,31.54,0,3058
チェイスチェイスジョーカーズのうた (オニスタイルリミックス),113.18,124.74,124.74,0,76.28,0,2854
パーフェクトイーター,117.69,106.86,106.86,4.53,74.49,0,3062
マツケンサンバII,113.92,137.87,137.87,80.46,83.01,0,2920
儚キ戀ノ幻想譚,150.28,145.31,145.31,9.21,104.55,0,3616
少年リップルズ,104.72,105.04,105.04,74.34,31.94,0,2484
恋愛＝精度×認識力,138.03,149.1,149.1,67.5,66.42,182.05,3512
惑星☆ロリポップ,129.36,116.72,116.72,0,67.46,0,2850
新時代,97.34,105.71,105.71,22.81,24.22,0,2342
昏き甲鉄のヴェルガ,91.94,106.35,106.35,0,29.59,0,2354
月と夢の跡 ft. マナ,99.93,105.27,105.27,0,36.14,0,2538
栄冠のカンパネラ,165.79,152.76,152.76,196.98,24.21,0,4000
楽園追放,106.1,86.24,86.24,0,32.73,0,2456
湘南ロンリーMIDNIGHT RAIN,111.41,128.7,128.7,58.47,31.6,0,2876
生きるよすが,94.38,109.13,109.13,9.84,39.96,0,2512
異心前進♪ぴょんぴょんぴょん,102.95,88.71,88.71,17.34,27.97,0,2520
真夜中のバベル,74.86,39.62,39.62,53.13,34.82,0,1754
神っぽいな,97.7,79.39,79.39,0,86.5,0,2156
神のシナリオ,129.44,119.96,119.96,187.01,51.36,0,3304
罪過の聖堂,85.53,101.16,101.16,9.36,30,200,2160
輪廻の鴉,111.95,107.87,107.87,0,28.58,0,2796
雨のちパノラマセカイ,89.84,106.85,106.85,0,57.68,0,2224
響花水月,118.85,104.02,104.02,0,37.26,0,2974
20XX,117.13,95.27,95.27,0,41.73,0,2740
Aeterna,106.14,116.72,116.72,19.36,10.23,0,2570
Ambivalent Vermilia,165.78,162.17,162.17,0,71.52,0,4264
Bitter & Lucky,104.33,97.97,97.97,64.09,98.05,76.77,2574
CADENZA,174.57,163.88,163.88,0,101.01,0,4714
COUNTING SHEEP ft. Kanae Asaba,0,0,0,0,0,0,2228
Chemical Colours,116.35,108.92,108.92,56.86,85,0,2832
DAZZLE ATTACK,115.26,115.57,115.57,0,66.12,0,2870
Dahlia,0,0,0,0,0,0,3234
Deep Sea Mystery,76.97,46.57,46.57,176.76,12.93,0,1994
Demon March,153.99,141.16,141.16,100.37,45.48,0,3750
Echoes of Sunfall,125.58,116.41,116.41,30.14,62.67,0,3036
GAME ON,0,0,0,0,0,0,2772
GLORIOUS HAMMER,0,0,0,0,0,0,3174
Get Higher,93.79,71.48,71.48,39.03,24.51,0,2342
Get Wicked,0,0,0,0,0,0,2502
Ghost Pulse,0,0,0,0,0,0,2818
Glitch N Ride,0,0,0,0,0,154.22,2778
GloriosA,120.85,117.32,117.32,20.93,49.01,0,2874
Hard Breaker,0,0,0,0,0,0,2572
Hat Surprise (Season 3),0,0,0,0,0,0,2768
INHERITANCE,0,0,0,0,0,0,2864
Iris,94.91,80.36,80.36,0,31.8,0,2218
JUSTICE/GUILTY feat. Nana Takahashi & 709sec.,0,0,0,0,0,0,3918
Jumper,102.72,105.68,105.68,32.81,69.04,0,2428
Just Gimme,0,0,0,0,0,0,2786
L'amour et la liberte,95.51,72.87,72.87,0,10.18,76.95,2050
Logic Board,0,0,0,0,0,0,2346
MAXIMUM CHEAT GIRL,142.35,0,0,0,0,0,3684
Million Dollar,0,0,0,0,0,0,3524
Monkey Business,0,0,0,0,0,177.04,2648
Mukade,132.72,106.68,106.68,45.92,37.03,0,3290
My Sweet Bird?,91.22,89.82,89.82,0,51.03,0,2214
Out of Control,127.79,107.27,107.27,112.55,122.36,0,3196
Psychedelic Intelligence,0,0,0,0,0,0,2896
Red Determination,0,0,0,0,0,0,2710
SOLAR ECLIPSE,0,0,0,0,0,0,3786
Shapeshifter,115.09,113.04,113.04,0,46.4,0,2566
Sirius,0,0,0,0,0,0,3274
Speculation,127.68,127.98,127.98,47.65,48.03,0,3060
Stereo Beasts,0,0,0,0,0,0,3762
Submerge Serenade,116.22,102.19,102.19,0,56.41,0,2972
Sword of Vengeance,127.45,125.18,125.18,3.9,51.76,0,3300
TITANIUM RIDERS,88.92,83.77,83.77,0,55.65,0,2142
This Is Club Musik feat. 大久保紅葉,110.39,95.06,95.06,0,102.1,0,2686
Time Distortion pt.2(IIDX Edit),121.49,117.31,117.31,0,39.74,0,2984
Too Late Snow,0,0,0,0,0,0,2028
Tripping Jumping,95.87,74.88,74.88,27.39,153.22,0,2332
Vermilion Carol,148.8,140.65,140.65,116.88,56.06,0,3674
Xb10r,149.75,126.08,126.08,80.56,71.42,0,3666
ZEROIN ON THE LIGHT,0,0,0,0,0,0,2690
frequent,0,0,0,0,0,0,3800
i-ii,0,0,0,0,0,0,2998
out of disk space,0,0,0,0,0,0,2610
winkle 2 winkle,0,0,0,0,0,0,2816
《PL|RAYER》,116.01,119.27,119.27,9.37,39.28,0,2840
ちゅ、多様性。,83.59,64.23,64.23,0,27.19,0,1926
ないないルーティン,89.74,75.89,75.89,136.29,54.64,0,2106
めうめうぺったんたん！！ (ZAQUVA Remix),0,0,0,0,0,0,2838
れとりば！,88.23,97.69,97.69,10.46,29.9,0,2064
アイドル,100.94,105.67,105.67,0,42.1,0,2620
アタシ完全絶対正義ちゃん！,87.96,75.77,75.77,0,31.98,0,2164
シンデレラ,88.44,80.96,80.96,41.74,48.36,0,2238
センチメンタル・サマー,82.02,67.35,67.35,27.76,19.04,0,2008
デビルじゃないもん,0,0,0,0,0,0,2108
フォニイ,0,0,0,0,0,0,2908
ポラリスノウタ,0,0,0,0,0,0,2282
マーシャル・マキシマイザー,115.04,107.2,107.2,0,39.5,0,2164
傷つけど、愛してる。,92.08,97.36,97.36,0,19.77,0,2104
勇者,113.61,103.81,103.81,0,19.94,0,2490
可愛くてごめん,87.63,101.68,101.68,0,25.92,0,2266
唱,85.12,72.06,72.06,0,44.5,0,1784
夏風邪デスコ,112.81,108.36,108.36,0,52.79,0,2678
夢縁,120.79,115.12,115.12,0,49.95,0,3030
寝起きヤシの木,118.61,125.85,125.85,0,100.6,0,2822
惑星鉄道,0,0,0,0,0,181.5,3266
摩天楼,0,0,0,0,0,0,2618
果たせぬ約束 ft. 小林マナ,116.66,122.45,122.45,0,43.19,0,3030
流桜ノ門,88.87,92.32,92.32,130.78,45.77,0,2150
灼熱Beach Side Bunny(かめりあ’s “Summertime D’n’B” Remix),125.87,117.33,117.33,0,175.14,0,3294
終焔のClaudia,122.9,116.48,116.48,0,42.67,94.93,2812
酔いどれ知らず,85.39,100.4,100.4,0,16.69,0,2236
雫,0,0,0,0,0,0,2722
電光,0,0,0,0,0,0,3120
電子になりたい,0,0,0,0,0,0,2034